093311333.jpg,710,409,581,468,687,354,779,334,734,348,750,443,733,344,721,150,716.3796,140.0421,667.6204,34.9579,598,102,555,71,657,139,784,161,800,301,681,320
007564468.jpg,626,405,625,359,622,312,647,311,658,360,648,396,635,312,625,244,624.8186,232.9376,624.1814,194.0624,613,272,593,280,599,247,651,240,658,271,662,303
027722501.jpg,535,286,532,348,444,326,445,340,546,378,540,286,445,333,346,331,343.4741,330.2455,271.5259,308.7545,328,392,364,356,345,318,346,343,365,405,314,429
095106544.jpg,623,495,663,381,528,431,572,384,659,353,603,470,550,408,548,232,564.0953,207.9322,638.9047,96.0678,783,377,659,344,563,247,532,216,535,297,634,334
063042175.jpg,334,325,323,284,339,227,355,228,334,287,347,330,347,228,321,182,315.8057,172.6502,296.1943,137.3498,298,236,307,211,314,187,328,177,329,215,303,239
010278558.jpg,780,293,858,272,925,277,941,296,869,286,789,306,933,287,934,215,934.6669,218.5569,924.3331,163.4431,863,243,900,224,930,208,937,222,896,255,865,301
062175939.jpg,1304,932,1270,739,1391,569,1521,538,1912,798,1781,476,1456,554,1122,356,1110.4941,344.7906,939.5059,178.2094,547,367,798,355,1012,345,1232,367,1515,370,1719,395
064564679.jpg,424,378,417,312,420,243,462,243,460,312,478,379,441,243,439,151,435.7957,139.144,422.2043,88.856,414,224,418,194,412,150,465,152,482,184,482,214
012748866.jpg,273,476,297,432,293,299,358,298,354,431,338,470,326,299,318,194,318.4623,180.2851,320.5377,118.7149,303,270,257,277,272,202,363,186,396,213,440,201
057828014.jpg,923,423,962,381,917,359,899,350,881,398,843,436,908,355,955,303,955,302,965,267,921,342,932,305,948,303,961,302,978,320,998,303
071983846.jpg,919,614,903,490,868,388,820,390,867,498,881,609,844,389,866,261,864.4192,234.353,860.5808,169.647,942,396,915,329,908,261,823,261,796,352,801,417
036422788.jpg,716,398,551,363,681,231,750,208,855,336,981,369,716,220,452,222,428.8147,213.9171,257.1853,154.0829,348,506,369,373,398,193,506,251,510,437,501,597
069564075.jpg,659,947,817,668,1062,618,1279,655,1263,618,1220,956,1171,637,1175,226,1192.8641,261.4729,1087.1359,51.5271,1102,441,885,389,1015,206,1335,246,1400,451,1353,535
020448346.jpg,77,917,89,768,96,583,32,574,58,742,46,865,64,579,79,411,85.4899,394.4301,119.5101,307.5699,157,557,136,538,119,418,39,403,6,496,67,482
044496666.jpg,1046,521,1069,455,1088,388,1115,385,1136,455,1140,522,1102,387,1105,290,1105.1862,287.9513,1109.8138,237.0487,1016,241,1048,265,1079,289,1130,291,1149,326,1163,353
098268824.jpg,58,699,60,630,56,569,91,569,94,628,83,624,74,569,82,449,80,431,76,375,52,501,19,503,41,448,122,450,131,501,102,505
074630617.jpg,801,484,703,405,565,409,565,358,677,340,691,484,565,384,402,300,415.9956,306.9978,306.0044,252.0022,520,124,473,197,421,293,382,307,473,232,506,193
017436643.jpg,304,454,278,370,300,266,363,266,362,377,410,433,332,266,323,120,307.9464,97.641,270.0536,41.359,258,232,254,176,271,111,374,128,379,204,331,239
002669316.jpg,967,638,943,503,925,352,848,362,855,514,847,642,887,357,871,156,867.8843,143.8487,844.1157,51.1513,914,214,962,245,940,147,802,165,797,266,836,242
085979467.jpg,632,893,661,723,819,595,947,598,1014,749,997,929,883,597,904,390,904.5695,367.6487,907.4305,255.3513,834,576,805,499,836,376,971,403,966,521,918,581
036695783.jpg,405,556,378,453,412,344,453,339,413,439,456,559,433,342,377,262,374.7778,259.4005,326.2222,202.5995,296,335,338,304,341,272,413,251,479,331,418,351
064796430.jpg,416,540,435,498,406,484,448,479,530,490,458,527,427,482,473,427,473.2364,426.5665,502.7636,372.4335,469,573,458,503,450,434,496,420,506,461,498,509
051774066.jpg,930,929,928,759,923,602,875,600,865,751,839,879,899,601,910,424,917.5014,393.0326,941.4986,293.9674,1009,460,976,499,947,424,872,424,829,513,865,535
017779834.jpg,555,520,612,401,594,259,609,246,617,369,497,409,602,253,761,220,764.7905,220.3261,850.2095,227.6739,526,194,633,186,736,207,786,233,707,269,654,307
065877768.jpg,510,558,493,429,473,300,540,274,597,350,553,446,507,287,509,153,516.0829,134.0611,547.9171,48.9389,562,297,471,264,455,155,563,151,600,220,644,277
034948298.jpg,348,231,512,255,642,231,586,278,437,290,307,282,614,255,855,313,878.1481,326.3456,1027.8519,412.6544,716,439,640,322,801,353,909,272,841,231,876,334
039280772.jpg,522,663,539,452,646,404,721,400,731,450,774,652,684,402,627,299,642.3857,266.7634,590.6143,375.2366,580,425,535,396,541,297,712,301,721,386,667,441
088721274.jpg,642,383,656,312,667,225,731,224,731,314,723,384,699,225,699,138,699.2891,140.65,692.7109,80.35,645,223,636,179,662,139,736,136,761,174,750,213
029721411.jpg,1593,841,1553,611,1525,385,1416,392,1425,611,1427,823,1471,389,1462,141,1455.3882,128.8927,1391.6118,12.1073,1558,217,1639,259,1553,117,1371,164,1311,320,1304,404
008540303.jpg,605,634,592,497,595,346,656,351,664,482,626,445,626,349,633,178,627.2943,135.3316,615.7057,48.6684,565,322,546,280,565,179,700,176,738,234,757,304
087443999.jpg,609,679,599,503,628,326,714,340,683,541,702,710,671,333,626,103,644.6651,114.4862,516.3349,35.5138,576,313,539,231,551,82,700,123,708,293,597,392
059608196.jpg,760,443,826,333,916,173,976,188,984,379,1019,557,946,181,783,134,780.4852,135.2452,682.5148,183.7548,758,406,803,321,766,113,799,155,789,292,718,362
069186391.jpg,1589,826,1596,650,1577,487,1683,487,1675,662,1666,852,1630,487,1654,228,1655.5366,205.5913,1664.4634,75.4087,1572,441,1534,345,1562,222,1745,234,1748,350,1666,446
030260562.jpg,257,453,239,423,194,381,208,379,237,422,197,458,201,380,209,316,212,304,222,272,209,355,192,345,196,316,222,316,219,331,208,343
027254940.jpg,373,577,370,471,360,360,391,354,403,477,395,586,376,357,381,217,376.355,208.4701,330.645,124.5299,344,351,359,286,338,219,424,214,439,296,442,349
055810844.jpg,655,496,703,320,615,200,548,202,570,345,563,392,582,201,661,26,643.5546,9.3475,700.4454,63.6525,747,243,732,167,720,43,601,8,508,36,448,105
050786204.jpg,935,444,917,374,927,312,906,305,873,359,840,429,917,309,908,213,905.0912,195.0994,897.9088,150.9006,885,285,931,248,927,210,888,216,878,264,855,311
065465069.jpg,916,282,877,296,888,223,857,230,810,296,809,347,873,227,870,145,867.2947,124.3237,858.7053,58.6763,877,212,892,196,888,145,851,145,863,199,840,246
023687056.jpg,726,539,746,482,666,310,795,305,834,388,813,534,731,308,756,126,758.9163,142.7689,741.0837,40.2311,705,262,683,185,687,118,825,133,802,280,795,280
076220077.jpg,266,369,262,330,287,295,310,286,324,328,339,371,299,291,265,248,264.7388,247.8021,232.2612,223.1979,261,295,254,287,248,261,281,235,306,259,279,265
042256267.jpg,692,580,665,484,697,387,718,397,671,505,705,644,708,392,625,302,601.8038,298.3756,520.1962,285.6244,559,238,598,291,617,266,633,338,657,423,643,492
016007163.jpg,259,462,247,410,239,347,263,344,250,404,278,444,251,346,252,271,251.9497,268.4846,251.0503,223.5154,227,341,232,306,233,267,271,274,268,319,240,299
054230007.jpg,1054,796,1035,660,1028,521,1085,519,1104,653,1136,791,1057,520,1051,333,1039.8297,299.4892,1005.1703,195.5108,854,311,906,378,987,340,1114,326,1155,409,1102,467
046917750.jpg,891,618,900,542,871,470,845,464,854,548,863,623,858,467,864,367,865.622,338.3446,868.378,289.6554,915,476,892,425,883,360,845,373,860,424,886,458
060495001.jpg,343,340,341,295,337,248,359,247,371,293,376,340,348,248,362,182,362,180.7785,362,149.2215,337,168,323,190,345,179,379,184,362,177,346,159
096639729.jpg,1198,300,1200,259,1200,211,1223,211,1228,252,1234,298,1212,211,1217,137,1218.4126,123.4791,1222.5874,83.5209,1221,150,1205,178,1198,139,1235,135,1254,163,1235,142
097561020.jpg,395,337,385,281,389,223,453,217,455,278,461,367,421,220,419,130,418.1557,135.5348,428.8443,65.4652,371,209,371,166,378,131,459,128,459,182,460,210
061784724.jpg,379,602,444,508,387,381,450,365,456,505,442,580,419,373,413,189,419.2956,160.7548,443.7044,51.2452,349,405,338,307,362,201,463,176,474,272,498,341
090139994.jpg,140,481,124,413,189,381,204,380,200,447,218,520,197,381,190,292,184.1438,279.0065,163.8562,233.9935,201,338,194,318,190,292,190,292,164,340,124,352
010986311.jpg,1143,614,1175,553,1149,499,1117,502,1107,561,1087,628,1133,501,1130,421,1134.7118,396.6094,1142.2882,357.3906,1172,485,1144,454,1152,424,1107,418,1091,453,1113,456
027871372.jpg,610,1023,566,855,610,687,506,725,388,867,420,1062,558,706,363,580,367.4661,585.4586,295.5339,497.5414,321,879,386,778,398,612,328,547,352,561,242,660
011618078.jpg,1034,954,1008,807,1006,641,1085,634,1202,709,1048,695,1046,638,1030,416,1030.5043,368.5969,1031.4957,275.4031,744,489,837,459,959,412,1101,419,1202,447,1293,461
088010667.jpg,893,572,885,493,889,432,922,437,913,501,910,567,906,435,922,318,923.288,303.8316,928.712,244.1684,848,384,862,351,886,312,957,323,981,375,955,413
039575770.jpg,980,662,951,533,948,400,982,402,969,561,977,703,965,401,980,200,969.4362,157.515,944.5638,57.485,871,267,937,296,940,195,1020,205,1041,317,961,274
047353965.jpg,579,372,556,301,561,225,519,225,484,283,489,363,540,225,512,136,508.81,133.6075,463.19,99.3925,502,159,551,169,536,131,488,141,469,190,430,214
044588662.jpg,341,634,356,581,370,553,400,552,421,577,422,632,385,553,394,514,393,513,391,486,357,570,360,539,379,514,409,514,418,542,415,570
036672191.jpg,727,814,653,600,850,448,848,465,634,614,723,857,849,457,680,231,664.7227,198.2175,599.2773,57.7825,451,371,588,345,694,220,665,242,559,359,415,395
029670629.jpg,425,280,385,220,321,237,343,229,402,213,435,271,332,233,375,189,375.9058,187.9077,408.0942,149.0923,423,281,388,248,363,196,386,182,419,230,450,262
056392446.jpg,1100,539,883,518,973,439,1131,466,989,563,1171,559,1052,453,1108,181,1101.5851,166.4492,1032.4149,9.5508,942,395,975,301,1046,194,1169,167,1127,368,1023,409
019494277.jpg,839,631,808,497,818,352,885,343,959,497,1049,617,852,348,825,179,818.3,138.8,804.7,57.2,614,206,699,209,783,190,866,168,949,227,906,315
080301188.jpg,1059,703,1037,599,1028,471,1075,433,1073,552,1068,693,1052,452,953,360,945.037,355.6413,865.963,312.3587,881,533,910,464,929,379,976,341,1028,431,1007,507
046873353.jpg,839,589,833,473,803,363,862,364,861,490,861,444,833,364,832,241,830.5292,217.888,826.4708,154.112,790,334,760,315,784,246,879,235,907,300,898,344
044393365.jpg,1193,665,1167,533,1163,371,1208,376,1211,532,1219,679,1186,374,1215,234,1207.1899,201.9977,1181.8101,98.0023,1163,360,1182,301,1172,246,1257,222,1248,327,1203,424
081011339.jpg,492,539,506,504,515,457,494,450,505,503,507,529,505,454,510,415,510,409,515,375,521,464,526,450,524,420,496,410,487,437,507,435
047924238.jpg,3,320,49,250,151,221,205,223,231,264,218,342,178,222,221,173,214,178,305,96,202,370,151,293,154,142,288,203,319,314,355,398
080354178.jpg,363,430,355,351,351,279,401,280,404,346,407,425,376,280,373,154,370.2121,142.4682,353.7879,74.5318,266,199,304,197,331,156,415,152,434,234,387,238
061772692.jpg,313,652,402,484,221,542,425,459,561,380,523,621,323,501,324,244,334.1659,214.3496,385.8341,63.6504,313,583,219,448,232,263,415,224,480,325,517,309
045272543.jpg,969,773,866,600,1062,435,994,432,742,621,919,823,1028,434,798,142,804.4652,143.6163,595.5348,91.3837,901,75,1018,113,857,100,739,184,721,296,609,361
078348015.jpg,989,501,981,437,967,354,1007,354,1014,430,1026,507,987,354,993,261,994.3179,254.2078,1004.6821,200.7922,972,268,948,294,960,259,1025,262,983,265,952,247
059521283.jpg,383,532,414,468,466,480,503,505,473,557,474,650,485,493,493,406,493.2308,401.1531,495.7692,347.8469,460,335,479,351,513,399,473,413,442,416,407,410
058779541.jpg,890,434,894,347,927,275,965,283,965,356,969,428,946,279,948,167,946.026,153.541,938.974,105.459,928,221,889,224,910,171,985,163,962,203,909,199
097107246.jpg,745,471,760,401,771,342,799,332,809,380,811,471,785,337,790,233,792.7996,225.4626,813.2004,170.5374,730,318,732,280,752,233,828,233,843,281,846,339
020509375.jpg,520,566,507,419,513,250,616,207,664,434,675,587,565,229,431,121,432.4926,121.4501,303.5074,82.5499,476,358,432,277,375,159,487,82,524,222,493,338
048474136.jpg,864,599,879,464,883,342,837,338,829,453,822,535,860,340,857,188,858.0354,170.0538,861.9646,101.9462,974,356,951,284,915,187,798,189,782,274,762,345
076519020.jpg,564,540,544,471,534,372,577,371,592,467,600,558,556,372,566,247,560.9725,219.5774,549.0275,154.4226,483,377,495,303,514,245,618,248,636,320,610,372
096538870.jpg,422,777,588,697,700,641,752,676,648,730,543,833,726,659,832,620,843.6705,612.3538,907.3295,570.6462,698,574,746,599,777,605,886,634,959,670,1046,690
037438278.jpg,255,409,252,352,252,307,270,304,274,351,277,405,261,306,259,242,259,226,260,191,244,307,241,274,237,243,280,240,282,280,285,306
040656781.jpg,878,521,840,718,977,869,1015,852,888,706,955,561,996,861,805,844,803.4439,842.3043,728.5561,760.6957,835,944,806,915,780,857,830,831,919,860,1008,886
065601458.jpg,769,505,830,429,1080,363,1104,481,889,505,860,679,1092,422,1005,203,976.0226,162.8774,877.9774,27.1226,791,233,875,209,963,165,1047,241,1043,416,915,357
066011944.jpg,1167,696,1163,610,1173,529,1209,527,1197,610,1201,692,1191,528,1169,427,1179.5823,444.3165,1147.4177,391.6835,1054,461,1094,438,1134,436,1203,418,1259,418,1312,438
092004005.jpg,495,634,495,498,500,362,580,365,590,493,588,639,540,364,577,174,586.5733,145.4929,612.4267,68.5071,322,242,404,205,513,155,640,192,704,266,774,331
069743162.jpg,1424,677,1424,528,1421,381,1510,379,1551,523,1537,701,1466,380,1553,277,1561.2575,269.3148,1645.7425,190.6852,1457,458,1429,359,1484,261,1621,292,1640,393,1662,494
009385728.jpg,1304,413,1348,460,1359,550,1414,532,1359,493,1295,460,1387,541,1420,496,1421.1054,486.9112,1427.8946,431.0888,1346,466,1363,479,1392,484,1447,508,1512,523,1576,527
060821138.jpg,381,618,423,503,355,439,415,428,474,493,460,601,385,434,420,341,427.0202,323.6835,457.9798,247.3165,514,424,448,405,397,339,442,343,442,399,447,456
088921401.jpg,561,461,571,350,592,252,633,250,643,349,650,422,613,251,605,147,603.979,130.8344,600.021,68.1656,634,182,572,197,565,153,645,141,661,185,604,181
032883305.jpg,634,570,576,454,667,394,725,396,659,501,692,634,696,395,646,253,646,239.4118,646,130.5882,477,363,545,322,599,259,692,247,673,307,630,346
048640504.jpg,459,554,582,623,531,459,607,466,627,611,476,541,569,463,586,230,596.1958,209.748,648.8042,105.252,482,392,435,283,531,230,640,230,570,294,617,386
031441003.jpg,300,331,301,267,293,190,342,182,330,261,325,348,318,186,290,99,291.7569,100.2401,237.2431,61.7599,270,216,258,162,253,110,326,87,333,158,316,212
086883347.jpg,1025,1065,1025,819,928,761,1097,752,948,758,928,1018,1013,757,938,544,925.5832,505.559,877.4168,356.441,848,775,829,722,829,578,1047,509,1055,653,931,703
033747470.jpg,1171,852,1198,691,1208,549,1227,561,1210,691,1181,833,1218,555,1234,344,1252.4837,322.4069,1322.5163,240.5931,1196,451,1140,398,1210,333,1258,355,1205,403,1246,468
045923988.jpg,666,839,759,707,899,523,863,508,869,666,869,847,881,516,1012,274,1014.2671,268.3322,1071.7329,124.6678,1113,466,1060,511,1086,308,937,239,827,308,711,383
020144648.jpg,941,528,965,490,964,438,987,438,986,488,967,549,976,438,968,361,962.6575,342.7871,951.3425,304.2129,927,425,932,398,939,367,997,354,1009,392,1012,416
082191738.jpg,178,274,176,245,171,215,191,215,203,240,211,268,181,215,178,166,177.993,166.1952,179.007,137.8048,181,205,164,199,163,170,192,161,198,178,200,197
015041689.jpg,687,746,758,721,793,657,816,654,862,697,862,768,805,656,810,571,813,562,824,528,822,597,793,618,797,574,823,567,805,581,826,592
062268954.jpg,773,451,792,406,815,367,835,366,852,404,857,450,825,367,819,307,819,298.7637,819,271.2363,805,362,794,336,798,308,840,305,849,337,842,362
003826414.jpg,845,400,914,322,1027,355,1044,383,930,336,857,423,1036,369,991,255,990.1161,252.1488,960.8839,157.8512,857,302,922,286,983,243,999,267,919,315,853,320
050041950.jpg,380,353,375,304,374,261,395,259,400,301,403,353,385,260,379,209,378.1355,200.0096,374.8645,165.9904,358,272,358,242,357,211,400,207,404,234,410,263
045012427.jpg,915,599,925,493,865,447,920,440,957,486,962,578,893,444,868,343,866.3855,336.1075,843.6145,238.8925,830,421,795,424,830,350,906,336,939,403,915,405
008812657.jpg,240,437,230,389,228,346,255,345,251,388,260,438,242,346,209,276,203.4351,268.8451,179.5649,238.1549,205,347,191,319,187,283,230,268,263,297,273,335
021592560.jpg,438,402,423,326,464,236,516,240,454,258,474,343,490,238,455,160,463.3119,169.6107,414.6881,113.3893,374,215,406,211,439,155,470,164,482,226,434,232
060692228.jpg,1173,641,1178,509,1183,368,1122,360,1116,527,1114,641,1153,364,1168,220,1174.7107,187.7885,1191.2893,108.2115,1205,331,1252,299,1233,234,1103,206,1085,293,1133,275
040069928.jpg,1039,554,1026,426,1008,291,1071,298,1118,440,1156,565,1040,295,1016,145,1013.2623,125.7056,997.7377,16.2944,935,227,936,246,959,150,1073,139,1154,181,1153,144
004274461.jpg,769,430,744,314,721,312,666,318,618,330,622,448,694,315,699,145,698.2464,140.4782,684.7536,59.5218,800,113,794,151,754,149,643,140,606,140,643,118
035923114.jpg,737,909,755,704,773,538,858,541,861,686,849,870,816,540,808,245,812.0458,217.1553,837.9542,38.8447,719,538,698,387,713,254,903,236,933,357,960,456
098681068.jpg,328,506,359,447,357,387,348,385,374,433,401,477,353,386,316,300,318.3338,282.6912,325.6662,228.3088,398,334,364,328,328,300,303,300,308,353,317,384
017714979.jpg,386,405,338,352,332,266,296,273,255,346,229,433,314,270,296,161,290.8825,144.2828,271.1175,79.7172,221,225,269,208,283,157,308,165,343,213,348,271
072759334.jpg,756,771,745,648,763,511,813,518,789,641,780,808,788,515,802,322,804.4786,306.1372,819.5214,209.8628,740,289,695,353,740,322,863,322,865,372,841,303
028262561.jpg,178,350,200,284,205,194,230,194,259,286,238,378,218,194,249,124,255.0757,103.2712,276.9243,28.7288,186,236,168,175,212,121,285,127,283,175,293,216
084761779.jpg,483,292,442,259,468,221,449,226,461,271,500,315,459,224,418,177,416.7139,169.605,411.2861,138.395,411,187,427,193,432,175,403,179,403,205,386,198
040179367.jpg,225,402,240,335,238,279,251,277,250,331,238,389,245,278,240,186,246.4073,179.4471,277.5927,147.5529,267,206,229,220,222,185,258,187,267,223,296,211
090907253.jpg,593,576,601,459,601,336,648,365,661,478,629,568,625,351,701,237,710.2312,233.016,786.7688,199.984,650,150,599,199,665,220,736,253,695,193,659,135
074475069.jpg,451,496,431,412,424,313,491,316,494,432,502,528,458,315,450,170,446.4627,152.6084,429.5373,69.3916,381,318,412,243,413,171,486,168,509,243,491,332
052183088.jpg,229,324,255,294,251,364,314,372,332,494,309,637,283,368,284,180,284.7606,171.1583,291.2394,95.8417,271,251,229,222,239,177,329,183,384,200,429,185
099672821.jpg,1521,993,1465,977,1374,1012,1279,991,1434,963,1509,974,1327,1007,1351,859,1360,847,1420,772,1521,1009,1454,986,1392,866,1309,851,1395,958,1416,932
060192343.jpg,209,719,335,598,195,492,205,484,256,564,278,657,200,488,340,464,371.5732,496.6345,427.4268,554.3655,367,692,367,591,368,476,312,452,307,545,294,657
080994501.jpg,243,413,277,327,267,227,279,224,356,259,285,304,273,226,309,130,313.0788,113.175,328.9212,47.825,354,165,307,197,312,130,306,129,317,185,348,152
046656171.jpg,191,555,214,452,171,358,140,350,147,447,113,499,156,354,171,267,170,259,170,196,138,323,110,328,137,271,204,262,195,295,222,323
066769776.jpg,488,655,491,545,491,435,519,432,521,535,503,627,505,434,484,293,486.5586,281.2084,504.4414,198.7916,500,202,493,280,465,299,503,287,545,261,556,200
036286383.jpg,319,636,307,541,299,456,347,453,359,543,352,614,323,455,331,315,332.5863,287.1264,336.4137,219.8736,227,362,264,383,280,310,381,320,387,387,405,381
024637140.jpg,181,705,221,595,276,439,377,432,424,581,458,712,327,436,340,219,346.2952,196.1316,382.7048,63.8684,358,268,285,356,272,223,407,215,437,291,487,267
044375022.jpg,298,372,277,321,291,207,333,203,288,285,313,358,312,205,288,111,284.0421,95.828,267.9579,34.172,229,158,261,160,273,110,302,111,300,156,253,137
005533239.jpg,1711,543,1706,480,1739,431,1768,427,1773,494,1782,558,1754,429,1753,323,1753,309.5512,1753,263.4488,1728,229,1718,269,1735,313,1771,333,1788,368,1808,402
005598028.jpg,268,267,244,283,222,212,220,216,233,271,267,234,221,214,216,142,213.8812,148.3563,227.1188,108.6437,190,51,189,95,209,127,223,156,243,185,267,204
088283649.jpg,1010,1012,953,656,1041,784,1148,778,1303,665,1141,979,1095,781,1047,493,1053.0681,477.632,1132.9319,275.368,669,826,809,662,925,488,1169,497,1172,634,870,994
088864267.jpg,1007,480,1004,398,989,337,1029,331,1046,386,1050,451,1009,334,1002,258,1002,249.1333,1002,205.8667,999,327,974,313,979,261,1024,255,1024,299,1046,305
050413284.jpg,380,337,390,263,398,195,436,201,441,263,448,336,417,198,435,90,438.8502,77.968,455.1498,27.032,372,182,380,132,395,86,474,94,481,148,482,197
049439670.jpg,865,400,868,349,878,314,899,314,901,358,910,410,889,314,898,259,897.6419,248.2559,896.3581,209.7441,860,326,871,291,881,258,914,259,902,280,898,250
032849892.jpg,581,557,568,501,550,452,525,454,518,498,502,550,538,453,526,386,523.7702,378.917,511.2298,339.083,575,455,577,419,550,383,502,388,502,423,502,455
081686048.jpg,396,496,405,426,416,344,442,344,447,430,437,501,429,344,422,223,421.6492,217.1068,417.3508,144.8932,432,273,374,288,379,227,464,219,472,263,394,273
082865291.jpg,141,444,120,364,93,271,123,270,142,367,163,455,108,271,117,155,114.9792,130.3014,110.0208,69.6986,49,199,72,213,92,154,141,156,126,238,59,242
050041950.jpg,205,354,208,316,212,272,239,270,238,312,242,353,226,271,219,212,218.2647,202.074,215.7353,167.926,237,232,209,241,198,213,240,211,247,232,216,229
072417804.jpg,744,735,786,614,701,532,795,586,924,713,927,927,748,559,795,436,807.8274,398.3506,859.1726,247.6494,662,278,617,281,710,408,879,464,840,447,758,371
088087076.jpg,536,380,485,352,498,257,460,264,428,337,475,408,479,261,470,172,462.4081,157.5754,437.5919,110.4246,522,153,542,163,492,162,448,182,390,207,366,184
024269440.jpg,384,553,395,436,381,328,402,330,400,426,400,533,392,329,396,195,400.6203,186.9144,439.3797,119.0856,429,242,357,259,360,189,431,201,460,261,452,219
094630890.jpg,525,622,526,527,514,374,562,374,580,509,591,623,538,374,544,235,543.3393,221.1261,539.6607,143.8739,507,377,484,332,502,241,585,229,633,323,586,381
008967826.jpg,533,525,559,412,565,285,616,286,650,399,626,487,591,286,594,142,607.6096,130.1465,673.3904,72.8535,517,275,517,213,559,128,628,155,618,208,616,256
026532407.jpg,1163,770,1024,677,973,567,909,570,799,722,754,891,941,569,890,380,883.5247,357.6808,849.4753,240.3192,882,492,911,452,919,364,861,396,796,492,764,554
018802473.jpg,938,711,911,628,817,624,787,615,906,600,953,694,802,620,823,483,827.9378,458.9033,843.0622,385.0967,908,558,872,553,836,498,809,468,857,526,913,532
040161857.jpg,233,840,231,739,219,633,252,638,233,727,210,822,236,636,236,513,241.0019,498.566,265.9981,426.434,180,647,180,571,201,507,270,518,277,583,309,640
057475569.jpg,758,572,702,483,820,475,851,506,799,611,888,570,836,491,713,457,721.4703,462.294,608.5297,391.706,601,594,642,501,683,429,743,485,723,609,688,702
091269237.jpg,671,628,645,501,653,369,694,367,692,514,695,647,674,368,687,167,682.3705,153.6628,649.6295,59.3372,634,363,654,277,660,173,714,161,718,225,671,150
099935030.jpg,1022,420,871,455,780,329,761,379,888,521,1057,483,771,354,534,317,519.1495,312.0498,407.8505,274.9502,519,437,532,366,545,277,523,357,528,469,510,578
015113400.jpg,1424,747,1068,740,1264,665,1447,642,1323,822,1531,783,1356,654,1000,449,985.7507,440.7566,772.2493,317.2434,588,819,771,669,921,437,1078,460,1029,721,797,848
020347274.jpg,597,470,723,363,572,280,584,276,721,359,673,535,578,278,668,129,676.1029,118.4389,748.8971,23.5611,816,284,735,206,663,125,673,133,739,212,822,288
080936116.jpg,437,588,444,543,420,511,399,505,392,536,378,579,410,508,430,458,430.7504,451.9972,435.2496,416.0028,449,519,457,497,447,464,412,451,383,473,391,503
079196101.jpg,1092,711,1063,599,1055,466,1106,463,1074,588,1047,695,1081,465,1068,308,1063.0541,286.8316,1047.9459,222.1684,1019,492,1032,407,1024,322,1112,294,1165,367,1092,375
070262711.jpg,700,689,578,468,752,436,878,457,801,408,776,701,815,447,841,217,819.0885,163.0459,769.9115,41.9541,683,346,711,346,745,226,936,207,964,374,921,301
074744441.jpg,340,470,340,347,330,243,374,245,361,342,364,472,352,244,387,153,399.1555,146.6521,464.8445,112.3479,356,224,328,190,354,136,419,169,368,189,370,276
094093548.jpg,639,496,681,467,707,348,730,351,725,443,742,524,719,350,739,263,742.1153,256.9378,772.8847,197.0622,837,329,795,304,747,260,730,265,748,325,760,376
047369113.jpg,355,715,338,628,267,498,312,477,391,561,426,652,290,488,249,295,261.1187,251.5556,289.8813,148.4444,217,503,171,421,209,298,288,291,296,352,357,413
008325766.jpg,315,447,302,345,323,267,373,260,407,350,466,433,348,264,332,155,323.7176,133.5104,303.2824,80.4896,269,156,267,193,306,156,358,153,405,200,404,261
089713047.jpg,280,956,345,809,352,643,436,648,477,824,458,963,394,646,420,476,423.1881,466.132,458.8119,355.868,280,667,287,561,347,475,492,477,533,559,533,648
038441821.jpg,1184,577,1156,481,1157,369,1120,368,1061,459,1030,558,1139,369,1141,291,1132.8707,257.3616,1120.1293,204.6384,1173,339,1199,310,1180,282,1101,299,1086,355,1133,325
003002023.jpg,967,813,1090,692,1121,514,1180,517,1213,679,1231,850,1151,516,1189,323,1202.2518,288.8018,1237.7482,197.1982,1163,547,1090,455,1152,328,1226,317,1180,405,1141,473
090513387.jpg,764,379,623,394,776,322,742,380,615,465,767,451,759,351,621,220,615.6728,213.6305,534.3272,116.3695,489,314,567,271,609,198,633,241,676,379,608,393
060423951.jpg,1148,587,1182,508,1186,418,1154,418,1211,502,1180,596,1170,418,1177,315,1180,296,1193,241,1273,395,1238,375,1213,317,1141,313,1121,358,1124,406
089255823.jpg,550,897,536,689,488,491,580,465,555,461,503,649,534,478,537,296,531.6524,268.1927,512.3476,167.8073,311,463,352,397,456,313,617,279,685,196,769,106
073386398.jpg,805,716,789,603,800,481,863,481,867,580,886,718,832,481,829,280,824.3692,250.5479,808.6308,150.4521,736,470,741,371,764,281,893,278,917,398,918,482
084404091.jpg,637,1068,730,817,742,553,851,559,1000,776,888,941,797,556,850,287,867.912,243.0621,949.088,43.9379,441,395,584,345,736,265,963,308,941,476,888,631
020466895.jpg,1753,1073,1715,927,1708,783,1623,788,1571,905,1559,1062,1666,786,1654,579,1654,542,1655,451,1717,727,1773,665,1712,576,1595,581,1568,706,1542,737
035862158.jpg,1148,639,1135,533,1154,429,1111,429,1060,533,1005,635,1133,429,1150,270,1145.3789,245.4724,1128.6211,156.5276,1109,380,1164,352,1172,270,1127,270,1121,352,1072,350
014060580.jpg,872,670,853,550,858,419,796,429,793,565,800,681,827,424,820,222,805.6869,179.0608,774.3131,84.9392,886,379,882,322,870,222,769,222,781,337,750,431
093556556.jpg,1403,614,1459,405,1283,261,1235,285,1170,535,1103,706,1259,273,1472,249,1507.8005,252.1325,1676.1995,266.8675,1276,196,1446,169,1485,230,1459,268,1345,131,1252,88
030271406.jpg,460,419,501,344,541,282,581,282,554,347,564,450,561,282,580,184,575.2974,168.8472,557.7026,112.1528,533,248,549,238,552,186,608,182,602,240,540,243
074448839.jpg,227,580,310,524,378,514,453,517,403,524,352,578,416,516,396,401,390.7102,383.3209,363.2898,291.6791,339,533,336,471,351,399,440,402,434,484,376,532
005495787.jpg,992,390,1003,343,1015,285,1050,287,1073,341,1098,397,1033,286,1045,218,1046.5741,205.2108,1051.4259,165.7892,1003,284,1010,255,1019,216,1070,220,1070,257,1074,285
080441406.jpg,790,1074,778,994,482,881,489,850,763,949,763,1076,486,866,420,575,464.5468,541.2623,647.4532,402.7377,886,780,691,812,470,607,369,542,528,788,687,751
069821545.jpg,470,540,484,435,477,361,512,359,510,434,496,540,495,360,495,252,494.1269,233.8823,491.8731,187.1177,464,316,439,306,457,249,533,254,540,311,538,319
051654651.jpg,1274,840,1274,755,1281,661,1321,661,1345,738,1306,802,1301,661,1300,528,1304.6692,511.2253,1322.3308,447.7747,1238,646,1238,584,1270,526,1330,529,1325,584,1325,646
081043291.jpg,116,1040,205,913,210,742,239,766,258,925,246,1062,225,754,231,624,231.2921,604.7245,232.7079,511.2755,141,802,174,725,191,634,270,614,302,699,345,773
049801039.jpg,1033,506,1004,431,1022,372,1035,367,1041,441,1058,515,1029,370,1034,310,1031.5735,303.2313,1017.4265,263.7687,1024,346,1033,332,1033,314,1034,305,1016,324,999,331
026650984.jpg,571,739,605,583,667,484,759,489,817,573,836,727,713,487,728,335,729.7495,323.8584,745.2505,225.1416,742,460,643,446,660,323,795,347,814,446,778,465
066776059.jpg,549,397,538,329,484,331,515,310,552,322,568,390,500,321,489,244,489.6568,240.9549,499.3432,196.0451,530,267,498,279,470,251,508,236,519,247,534,254
074075380.jpg,576,537,558,485,540,441,589,434,624,479,650,504,565,438,551,376,550.1532,385.9928,556.8468,307.0072,453,426,430,411,515,378,586,373,601,405,612,439
079489375.jpg,476,420,455,478,545,343,623,343,628,464,619,406,584,343,589,178,591.4515,143.4906,599.5485,29.5094,474,273,462,246,507,173,671,182,719,246,787,235
004550424.jpg,440,853,458,753,478,632,531,634,542,741,545,856,505,633,517,473,516.3105,451.7994,513.6895,371.2006,476,312,462,380,469,460,565,485,579,554,542,577
046806546.jpg,463,480,470,405,448,352,479,356,467,414,455,474,464,354,468,271,469.2115,267.1637,484.7885,217.8363,452,322,423,308,444,269,492,272,494,309,500,306
067122808.jpg,642,652,652,508,620,364,673,380,723,498,681,638,647,372,666,218,666.8812,204.4879,674.1188,93.5121,721,127,683,175,646,212,685,224,683,305,742,293
046806086.jpg,845,599,875,444,781,319,790,317,888,445,798,506,786,318,926,233,934.0116,227.3622,1025.9884,162.6378,1010,416,931,349,914,238,938,227,971,323,1036,399
023763754.jpg,186,512,215,465,219,406,262,403,259,466,266,518,241,405,241,349,239.8315,342.2484,233.1685,303.7516,199,422,190,390,214,349,268,348,283,377,300,401
020091134.jpg,350,675,429,537,262,563,406,520,572,365,563,628,334,542,324,256,329.6156,232.1062,369.3844,62.8938,454,435,288,477,228,280,419,231,510,353,553,305
024838361.jpg,825,797,828,670,799,465,908,455,892,662,885,802,854,460,824,209,825.6106,190.0175,836.3894,62.9825,581,361,693,338,758,211,890,206,962,338,1061,367
043873721.jpg,567,583,562,455,560,316,615,318,627,461,615,578,588,317,580,152,579.3956,121.9792,577.6044,33.0208,503,325,522,245,522,156,638,147,663,234,670,314
043248339.jpg,1043,678,1001,584,961,522,1027,513,1072,598,1130,709,994,518,979,412,980.6948,421.1258,964.3052,332.8742,819,461,864,451,928,416,1029,407,1107,440,1107,456
086456361.jpg,1819,618,1822,535,1828,445,1769,444,1769,514,1805,606,1799,445,1802,290,1794.0974,248.5116,1781.9026,184.4884,1867,436,1855,359,1845,291,1758,288,1734,380,1708,482
054453129.jpg,348,513,340,450,382,388,405,384,412,462,460,517,394,386,384,316,381,298,376,258,332,338,333,358,360,321,407,311,401,356,364,339
031562734.jpg,395,307,349,278,369,223,480,199,545,263,499,309,425,211,413,119,433.8685,134.8313,334.1315,59.1687,315,367,318,269,340,144,486,93,527,216,461,179
043829861.jpg,983,650,988,522,1028,383,975,387,898,529,946,692,1002,385,1013,172,994.5098,137.4125,946.4902,47.5875,954,354,1009,277,1031,171,994,173,921,264,847,298
005804634.jpg,798,708,787,634,812,525,764,522,732,649,740,718,788,524,791,377,790.9506,372.8539,790.0494,297.1461,801,360,856,394,827,381,755,373,705,365,715,333
045163668.jpg,441,599,478,511,555,450,579,447,645,543,712,596,567,449,542,350,540.1916,341.8623,525.8084,277.1377,420,319,463,343,502,349,582,351,633,363,683,346
099140186.jpg,49,566,313,636,195,359,278,268,415,288,413,466,237,314,536,170,562.4501,159.7251,769.5499,79.2749,437,644,410,454,501,171,570,168,580,328,630,466
082355223.jpg,447,401,406,243,336,291,417,222,526,203,533,362,377,257,249,195,237.8766,187.9432,167.1234,143.0568,247,218,242,304,203,217,295,173,342,212,354,187
028131047.jpg,353,393,321,285,409,276,398,286,273,332,260,451,404,281,397,150,385.4377,131.1094,337.5623,52.8906,344,223,399,227,408,141,385,158,375,254,309,291
057177235.jpg,610,541,593,456,575,364,549,354,528,460,515,530,562,359,560,270,560,266,569,218,622,158,604,211,582,268,538,272,525,217,521,172
025143015.jpg,935,515,939,439,932,380,955,373,964,420,957,477,944,377,943,281,946.0838,269.2817,959.9162,216.7183,909,384,902,328,923,284,963,278,977,325,1019,359
008591039.jpg,377,562,460,492,421,401,445,401,463,486,450,575,433,401,486,313,495.9667,300.0607,533.0333,251.9393,482,442,468,393,482,318,490,308,492,383,500,442
058682045.jpg,534,800,575,694,579,607,604,615,632,713,632,804,592,611,602,509,601.5859,504.2381,596.4141,444.7619,589,445,570,502,583,513,621,505,664,488,670,449
062257849.jpg,415,374,430,286,345,262,371,264,359,331,281,327,358,263,363,154,367.0576,141.6872,387.9424,78.3128,291,111,296,140,332,156,393,151,425,140,462,117
033873296.jpg,1151,1057,946,896,829,869,930,845,1105,865,1023,1074,880,857,895,622,906.5858,581.4497,945.4142,445.5503,896,879,800,778,814,617,975,626,1038,785,1052,701
010278558.jpg,767,479,833,439,918,464,918,493,802,455,743,490,918,479,918,355,906.35,324.5806,875.65,244.4194,868,485,924,432,935,339,900,370,894,469,836,537
096549094.jpg,944,770,1104,744,989,675,911,633,1048,695,908,731,950,654,908,438,919.2778,385.097,951.7222,232.903,1009,763,973,610,973,433,843,443,826,606,905,616
082264635.jpg,340,1016,359,814,374,624,436,617,439,807,456,1009,405,621,399,366,413.9847,340.6758,484.0153,222.3242,335,658,306,516,335,379,463,352,470,501,497,629
067341973.jpg,830,569,732,580,806,517,832,527,729,498,756,593,819,522,746,439,733.3719,434.1528,659.6281,405.8472,699,559,748,516,744,432,747,445,750,519,697,562
063749880.jpg,361,794,383,693,365,611,401,616,409,686,401,774,383,614,390,518,393.4857,502.9566,405.5143,451.0434,392,589,348,574,374,513,405,523,405,563,436,589
067743468.jpg,397,593,527,589,682,574,703,612,533,608,382,608,693,593,579,521,548.8639,532.9689,468.1361,565.0311,442,574,527,599,598,510,560,531,469,620,391,576
081245595.jpg,496,520,503,418,488,309,542,295,552,404,522,474,515,302,514,192,514.2029,193.2679,497.7971,90.7321,462,353,438,287,445,197,583,186,612,273,642,345
015705888.jpg,778,843,773,648,809,477,682,484,561,689,456,898,746,481,719,292,729.2448,319.1882,682.7552,195.8118,845,518,877,412,812,292,626,292,528,427,542,533
003199446.jpg,1005,598,989,468,1001,354,1048,352,1037,480,1032,626,1025,353,1035,171,1031,141,1019,56,953,299,1005,254,1003,174,1067,168,1104,237,1061,176
068387012.jpg,1673,392,1761,403,1687,306,1637,338,1700,434,1689,542,1662,322,1627,156,1619.9058,141.1947,1588.0942,74.8053,1690,242,1648,171,1657,136,1596,175,1593,265,1629,260
078242581.jpg,390,506,400,423,452,369,576,373,568,435,566,506,514,371,513,187,522.4057,207.9988,460.5943,70.0012,441,301,408,270,439,191,586,183,683,268,615,228
030250396.jpg,826,553,813,439,805,335,837,336,844,439,852,562,821,336,830,186,825.8657,160.6034,813.1343,82.3966,776,322,786,258,797,187,863,185,858,285,848,349
076872923.jpg,634,634,592,499,658,401,720,407,668,499,698,650,689,404,615,288,612.5025,237.0511,607.4975,134.9489,554,473,566,383,562,288,668,288,716,387,737,483
007771198.jpg,253,495,248,405,216,390,256,389,343,399,331,488,236,390,219,319,219.2711,308.5619,220.7289,252.4381,241,364,195,366,190,320,248,317,274,367,286,353
047686129.jpg,347,386,345,303,347,241,381,243,388,304,383,389,364,242,366,148,365.5815,129.7947,364.4185,79.2053,360,198,316,200,333,147,398,148,420,182,404,194
093191273.jpg,481,477,452,375,396,327,429,316,492,364,502,473,413,322,400,222,397.4352,203.6516,389.5648,147.3484,445,261,380,286,372,230,428,214,464,263,457,226
032116215.jpg,480,324,483,278,504,217,527,217,540,238,531,300,516,217,511,174,510.9,169.3,510.1,131.7,467,222,476,202,489,175,532,173,531,204,522,226
033950591.jpg,521,567,535,498,545,458,598,455,595,501,609,572,572,457,589,363,588.7543,351.9422,587.2457,284.0578,522,371,505,395,555,362,622,363,615,420,596,373
099017281.jpg,884,752,835,644,943,532,1020,532,938,646,1022,807,982,532,919,452,912.3061,446.0169,812.6939,356.9831,966,651,906,552,854,461,983,443,1067,508,1126,604
030123129.jpg,533,436,550,457,537,367,581,370,586,446,564,529,559,369,576,254,578.117,237.2566,584.883,183.7434,533,334,505,289,544,252,608,255,601,280,612,320
033684770.jpg,772,346,760,282,752,225,773,227,769,284,787,346,765,225,751,153,743,122,730,150,746,232,749,201,746,159,763,146,766,171,764,214
075784629.jpg,257,465,269,342,215,170,177,177,208,329,213,460,196,174,287,109,310.4792,101.7756,406.5208,72.2244,293,266,315,180,326,106,248,112,244,191,258,255
060108267.jpg,264,565,450,415,195,440,278,444,474,450,283,530,237,442,332,191,344.7838,149.0859,380.2162,32.9141,234,376,165,317,248,195,416,187,405,327,399,437
063173618.jpg,438,538,439,445,433,338,487,330,497,444,484,533,460,334,464,194,464.5382,171.3965,466.4618,90.6035,401,343,394,280,412,195,515,193,564,246,605,214
014316471.jpg,469,492,402,471,402,396,416,394,419,471,416,540,409,395,407,283,400.1785,260.4039,381.8215,199.5961,371,376,385,338,390,283,423,283,452,333,451,397
072399538.jpg,516,956,468,771,420,602,492,578,458,771,581,648,456,590,415,377,401,332,361,196,367,605,374,492,364,379,465,374,516,521,564,619
045723042.jpg,723,760,695,601,681,461,748,461,704,603,734,771,715,461,722,277,718.4428,239.5304,710.5572,156.4696,625,417,628,368,663,283,780,270,827,351,787,416
081450797.jpg,1539,672,1489,528,1496,356,1541,354,1523,514,1539,686,1519,355,1515,170,1499.901,156.2851,1410.099,74.7149,1496,354,1505,263,1496,166,1534,173,1543,281,1521,383
002191333.jpg,601,878,548,679,636,437,593,441,513,678,558,893,615,439,569,186,543.591,169.0123,419.409,85.9877,517,283,634,330,589,189,548,183,555,270,419,227
040069928.jpg,646,487,645,400,643,324,680,326,698,393,725,460,662,325,655,227,652.8122,208.9507,645.1878,146.0493,597,308,586,270,614,231,696,222,711,251,712,273
000955819.jpg,414,385,415,293,455,259,507,248,482,316,525,366,481,254,418,195,399.4909,191.9822,344.5091,183.0178,368,291,406,274,402,222,434,167,487,163,543,158
082755305.jpg,505,440,499,374,497,299,541,297,535,399,566,478,519,298,496,193,493.8624,183.7747,479.1376,120.2253,469,281,473,239,479,194,513,192,519,269,483,282
007171189.jpg,325,476,323,443,323,412,328,410,328,444,327,472,326,411,331,376,330.7679,371.4737,329.2321,341.5263,356,399,330,397,327,375,334,377,348,371,366,366
007983107.jpg,697,638,694,553,716,497,755,503,758,573,780,610,736,500,739,415,736.1345,386.8662,730.8655,335.1338,699,464,676,466,703,410,774,420,774,471,748,482
037754542.jpg,701,500,720,451,745,401,771,409,796,459,810,511,758,405,780,380,782.2222,380.119,833.7778,382.881,753,470,756,435,764,382,796,378,801,413,794,438
013752094.jpg,383,392,386,326,384,247,426,245,440,335,424,389,405,246,426,136,425.1992,139.6035,436.8008,87.3965,366,239,357,198,392,136,459,136,467,189,475,223
022475004.jpg,1008,682,1037,643,991,622,1049,612,1138,629,1085,677,1020,617,1056,547,1040.2413,536.2841,1121.7587,591.7159,1017,723,979,655,1015,542,1097,552,1128,631,1133,699
056472860.jpg,317,440,316,377,331,308,341,301,340,373,319,458,336,305,357,193,351.3747,169.3738,337.6253,111.6262,340,261,350,232,354,197,360,188,349,234,340,282
053185711.jpg,150,517,190,421,121,251,60,269,120,420,70,543,91,260,210,216,205.8138,220.955,263.1862,153.045,347,323,331,282,243,209,176,222,187,293,258,346
085777360.jpg,831,939,829,817,807,736,849,935,858,813,840,736,828,836,883,649,886.6319,641.2317,915.3681,579.7683,879,675,823,673,871,638,895,660,877,717,923,747
084512085.jpg,648,462,618,356,717,312,694,330,558,381,616,483,706,321,540,295,532.3925,289.3153,456.6075,232.6847,501,436,526,363,551,271,528,319,505,420,487,468
086378962.jpg,1203,873,1184,714,1133,545,1219,536,1175,714,1142,880,1176,541,1184,334,1177.1965,281.3362,1163.8035,177.6638,1050,508,1057,441,1119,337,1249,330,1254,438,1207,499
013340648.jpg,213,567,201,434,187,349,269,355,285,455,315,602,228,352,187,219,188.7217,223.5601,148.2783,116.4399,141,392,124,330,112,240,262,198,291,298,312,376
015683370.jpg,713,595,706,521,709,480,718,478,695,531,736,574,714,479,700,406,695.5017,401.0282,666.4983,368.9718,696,471,702,441,693,412,706,399,716,434,706,464
047590633.jpg,1106,913,1061,728,1066,527,979,547,890,703,955,876,1023,537,1010,304,1001.1199,293.4906,909.8801,185.5094,982,473,1101,429,1054,300,965,307,863,352,774,387
032461724.jpg,630,624,565,499,615,462,680,458,764,505,705,624,648,460,645,298,644.6601,295.9416,627.3399,191.0584,552,464,540,384,581,300,708,296,761,378,764,458
027969501.jpg,556,624,572,509,617,373,673,376,675,512,662,620,645,375,654,220,658.3756,187.0792,670.6244,94.9208,610,334,566,301,594,216,713,223,739,312,675,331
069963957.jpg,1035,648,1033,427,1089,264,1198,251,1140,462,1149,657,1144,258,1002,109,1008.4228,114.8762,901.5772,17.1238,1014,381,958,257,923,123,1080,94,1153,268,1128,415
052980906.jpg,325,565,343,448,206,442,245,413,363,423,386,559,226,428,224,239,233.3017,222.6238,285.6983,130.3762,278,379,182,365,187,240,261,237,254,327,323,349
012236483.jpg,1192,695,1412,550,1283,360,1184,322,1318,647,1230,892,1234,341,1404,239,1427.8944,237.0281,1586.1056,223.9719,1559,528,1485,368,1463,236,1344,241,1336,363,1364,479
001119931.jpg,960,541,900,461,897,310,932,312,929,444,932,593,915,311,943,182,941.254,149.4083,935.746,46.5917,774,253,835,224,896,182,990,182,998,277,928,270
020074218.jpg,916,967,928,785,979,648,1071,654,998,785,1028,894,1025,651,915,513,914.0481,511.0468,838.9519,356.9532,688,736,773,600,840,502,989,524,955,663,870,797
086846798.jpg,488,390,477,330,510,259,543,236,543,310,542,393,527,248,490,185,497.0198,193.5797,464.9802,154.4203,461,245,428,223,464,197,515,173,539,217,498,237
024148304.jpg,580,540,576,415,580,323,630,324,636,455,642,626,605,324,605,191,604.0054,166.3327,600.9946,91.6673,540,349,551,280,551,200,659,181,673,258,667,326
054188095.jpg,837,825,916,655,968,503,1011,516,1011,664,970,805,990,510,1029,279,1043.744,254.7339,1110.256,145.2661,891,380,946,363,989,276,1069,281,1112,372,1183,483
014105092.jpg,1638,655,1642,572,1654,534,1694,534,1734,568,1708,657,1674,534,1671,460,1673.4823,440.3323,1681.5177,376.6677,1642,530,1614,514,1628,458,1714,462,1730,510,1718,526
077287394.jpg,1358,1033,1325,755,1236,485,1115,539,1311,539,1452,753,1176,512,1190,220,1191.1866,212.8804,1212.8134,83.1196,1484,286,1462,291,1283,237,1097,202,1008,269,896,386
016230785.jpg,852,1062,842,917,837,771,760,785,748,927,734,1076,799,778,787,586,788.2999,552.418,791.7001,464.582,842,687,883,658,852,588,722,583,688,682,681,725
096381766.jpg,132,370,107,337,97,300,79,299,71,342,73,391,88,300,79,219,77.2475,200.2229,73.7525,162.7771,56,274,67,245,71,213,87,224,94,247,100,288
084779027.jpg,431,416,456,339,501,280,549,288,564,335,514,420,525,284,562,219,558.5348,232.2835,577.4652,159.7165,476,262,477,205,532,205,591,232,614,275,615,328
064336973.jpg,521,626,521,499,514,368,603,365,628,487,643,599,559,367,539,164,546.4296,130.4664,568.5704,30.5336,468,283,401,230,470,164,607,164,645,240,643,298
055432260.jpg,555,559,558,450,550,337,601,338,612,447,616,556,576,338,587,225,592.3629,210.3908,610.6371,160.6092,475,239,511,276,543,222,631,227,685,260,701,218
004677715.jpg,1316,696,1164,451,1453,500,1558,562,1276,516,1477,680,1506,531,1281,307,1262.7399,302.1261,1033.2601,240.8739,1136,578,1223,494,1229,305,1332,308,1273,528,1124,646
075115370.jpg,279,618,271,552,275,495,246,491,224,532,219,582,261,493,261,431,259,422,255,389,285,505,299,473,284,433,237,428,213,465,215,491
013118510.jpg,676,691,716,541,652,400,612,387,693,469,695,593,632,394,758,274,764.6931,270.6902,842.3069,232.3098,866,466,834,379,802,264,714,283,698,363,738,436
096829356.jpg,310,660,301,508,367,412,359,416,416,557,487,650,363,414,351,244,348.7617,201.2241,344.2383,114.7759,315,400,352,320,379,240,323,248,282,343,245,386
048447281.jpg,797,556,744,491,739,383,760,398,697,508,698,613,750,391,607,385,575.4378,384.603,479.5622,383.397,593,559,609,496,583,386,631,383,715,412,683,478
008745016.jpg,978,768,969,689,993,650,1026,653,1019,737,1017,826,1010,652,1018,557,1015.6197,531.0153,1008.3803,451.9847,983,612,949,585,981,559,1055,554,1070,588,1026,607
029151693.jpg,1145,519,963,404,787,285,717,317,918,460,1086,543,752,301,570,178,562.8705,174.161,473.1295,125.839,492,58,557,111,621,167,519,188,400,160,317,118
005453966.jpg,637,500,609,369,714,314,762,314,685,428,759,546,738,314,636,206,633.8426,203.4884,571.1574,130.5116,506,323,573,272,611,215,661,196,628,274,567,325
066349035.jpg,562,465,621,236,374,245,407,198,611,183,548,366,391,222,166,186,101.7783,176.098,3.2217,160.902,31,189,73,173,129,224,202,147,248,74,142,113
071290579.jpg,371,395,378,333,369,279,374,276,390,333,383,394,372,278,360,176,360,161.5433,360,113.4567,337,278,331,234,339,178,381,174,374,210,393,248
032320293.jpg,751,624,756,514,751,366,827,358,833,502,827,621,789,362,773,188,776.5965,154.9973,786.4035,65.0027,715,346,689,293,704,191,842,184,883,263,861,339
041860362.jpg,503,599,526,471,510,347,465,349,465,474,476,604,488,348,480,236,478.1056,211.1836,471.8944,129.8164,648,225,603,266,534,234,426,238,385,282,412,262
000977085.jpg,752,476,702,447,683,402,657,405,615,424,608,468,670,404,645,356,637.8348,352.3255,613.1652,339.6745,630,392,655,380,651,353,639,359,657,361,625,385
074665143.jpg,329,332,319,277,323,233,302,238,301,283,311,336,313,236,313,169,310.93,162.5463,298.07,122.4537,321,218,335,192,332,168,294,169,285,204,275,228
076960015.jpg,1375,925,1296,896,1167,960,1161,908,1276,858,1349,887,1164,934,1135,805,1135.005,805.1379,1128.995,637.8621,1284,843,1202,884,1132,843,1138,767,1205,767,1296,767
038306937.jpg,1040,809,1021,605,999,422,1136,420,1158,590,1187,788,1068,421,1095,315,1096.9387,324.4514,1069.0613,188.5486,1040,576,1019,458,1009,331,1180,299,1185,441,1211,549
028247874.jpg,351,396,331,312,324,235,366,238,345,295,361,366,345,237,351,171,348.7012,158.7987,340.2988,114.2013,284,92,304,131,325,164,376,177,406,218,431,254
011730819.jpg,84,451,120,431,139,382,119,378,134,421,136,459,129,380,139,328,139.7812,318.2353,142.2188,287.7647,182,338,178,343,154,328,123,327,129,337,140,345
090757570.jpg,718,950,718,667,901,595,1021,635,761,673,804,967,961,615,787,396,767.8966,393.2831,581.1034,366.7169,575,658,664,555,727,404,847,387,744,593,607,704
056074708.jpg,734,360,734,306,734,243,751,242,746,290,750,336,743,243,747,177,748.1935,164.4678,751.8065,126.5322,720,215,727,203,727,177,767,176,781,215,771,213
035996152.jpg,1493,885,1239,736,935,752,975,711,1236,730,1468,860,955,732,950,414,967.5402,382.1995,1055.4598,222.8005,807,662,780,503,975,441,925,386,773,445,798,609
087294873.jpg,421,393,463,332,501,277,527,279,517,346,561,419,514,278,510,189,508.2738,184.6844,489.7262,138.3156,454,160,468,198,489,190,530,188,561,182,553,140
056323331.jpg,315,780,294,621,312,483,366,476,338,619,427,731,339,480,331,294,324.423,285.5783,255.577,197.4217,266,450,284,376,291,298,371,289,408,387,378,486
068667861.jpg,829,846,838,702,861,541,764,532,744,684,794,828,813,537,832,353,834.0073,313.2994,838.9927,214.7006,932,559,928,465,915,366,749,339,729,442,702,525
037438278.jpg,73,382,71,321,67,271,91,265,96,321,95,378,79,268,71,215,73,203,80,166,43,288,43,258,53,213,88,216,95,243,98,289
080467162.jpg,1144,572,1138,492,1131,420,1118,423,1123,497,1130,580,1125,422,1135,300,1127.7592,283.3462,1102.2408,224.6538,1110,395,1130,359,1138,298,1131,302,1118,367,1099,407
023640396.jpg,400,603,393,512,386,423,441,421,454,509,457,610,414,422,400,231,403.3069,212.6742,420.6931,116.3258,366,332,323,316,356,237,443,225,489,282,541,330
089400541.jpg,1003,618,1091,607,1181,609,1254,618,1193,555,1053,618,1218,614,1245,482,1239.0362,460.6748,1217.9638,385.3252,1166,609,1202,548,1204,487,1285,476,1324,568,1290,634
035620293.jpg,62,580,84,474,62,343,120,336,161,455,219,580,91,340,74,186,73.7575,170.2381,72.2425,71.7619,131,195,81,259,43,197,105,174,171,230,169,165
034344428.jpg,1074,534,1012,418,1093,311,1041,330,955,420,1005,551,1067,321,943,182,932.7821,173.333,841.2179,95.667,882,314,977,266,965,172,920,191,917,311,844,340
035528397.jpg,479,486,548,324,572,154,667,132,708,273,695,482,620,143,680,271,674.708,249.8319,701.292,356.1681,656,466,592,380,602,273,757,268,775,389,757,499
058431431.jpg,346,228,308,160,409,115,465,106,407,251,527,284,437,111,348,11,312.3642,16.538,235.6358,28.462,308,146,350,93,323,20,373,1,448,113,346,157
023320492.jpg,553,818,728,732,800,531,923,509,1044,669,1023,899,862,520,1027,341,1059.039,293.8598,1151.961,157.1402,1009,689,975,529,978,348,1075,334,1104,486,1153,635
084761779.jpg,457,324,420,282,403,219,379,222,355,267,379,314,391,221,365,172,356.3796,161.2245,337.6204,137.7755,356,182,373,186,380,172,349,171,334,193,319,194
095904400.jpg,676,444,634,372,638,295,665,296,672,378,688,450,652,296,641,173,629.7213,151.9907,601.2787,99.0093,628,265,647,233,632,178,650,168,684,221,632,254
097337920.jpg,904,604,859,564,791,514,864,492,891,573,947,604,828,503,745,308,742.5002,305.5303,664.4998,228.4697,619,374,667,308,685,308,805,308,922,342,872,410
039408365.jpg,495,566,466,475,484,376,505,380,491,470,533,605,495,378,445,231,442.724,217.9128,427.276,129.0872,404,404,441,347,428,273,462,189,558,230,600,247
024148304.jpg,389,577,360,508,380,443,416,443,414,521,414,619,398,443,412,337,413.4361,322.4597,418.5639,270.5403,344,444,368,402,378,340,446,334,461,371,463,405
002215954.jpg,701,471,703,413,722,394,765,405,743,432,732,495,744,400,761,342,754.6476,332.1184,722.3524,281.8816,713,387,716,371,735,344,786,339,786,392,746,392
029661248.jpg,582,537,590,439,603,357,650,349,658,426,701,545,627,353,598,218,589.7857,200.5655,557.2143,131.4345,569,352,573,298,560,234,635,201,613,283,589,344
090653063.jpg,524,244,522,221,530,194,548,200,544,226,544,251,539,197,550,147,553.2572,141.9018,569.7428,116.0982,515,186,521,162,532,140,568,154,565,182,561,207
021103833.jpg,868,611,854,479,939,505,975,505,1054,518,1034,607,957,505,1034,392,1034.4433,385.0399,1043.5567,241.9601,884,467,841,449,979,378,1089,406,1109,489,997,487
011047411.jpg,611,327,531,412,613,287,713,305,641,397,651,411,663,296,677,170,676.9041,169.0236,666.0959,58.9764,544,341,574,247,606,149,747,191,702,321,584,313
039768114.jpg,864,891,867,768,802,677,775,655,771,790,725,905,789,666,889,557,892.9392,536.9759,909.0608,455.0241,965,622,884,629,840,564,937,549,965,600,992,619
062429040.jpg,674,644,679,543,690,420,725,411,699,525,703,623,708,416,746,229,735.7034,198.934,706.2966,113.066,681,269,712,291,761,219,730,238,699,320,656,280
033482785.jpg,1198,901,1131,821,1114,687,1196,682,1181,819,1189,958,1155,685,1140,500,1139.4662,495.5654,1127.5338,396.4346,1023,451,1016,521,1083,499,1196,501,1234,593,1191,646
054738123.jpg,339,395,198,280,348,354,416,354,578,309,418,395,382,354,394,180,395.0261,149.0458,398.9739,29.9542,342,389,317,291,322,173,465,186,457,301,436,398
072231117.jpg,399,430,382,368,373,322,337,309,318,349,307,400,355,316,361,238,363.3612,221.4715,368.6388,184.5285,407,277,398,259,389,242,332,234,306,265,302,284
050834710.jpg,1365,1052,1374,889,1384,735,1463,737,1470,889,1478,1043,1424,736,1419,523,1418.8593,499.2278,1418.1407,377.7722,1381,549,1336,622,1343,523,1494,523,1509,600,1454,516
025862083.jpg,367,302,371,239,388,184,419,183,443,245,455,310,404,184,392,139,405.5566,148.6833,371.4434,124.3167,348,159,344,122,366,123,417,154,411,200,407,234
094765165.jpg,210,715,259,607,284,431,390,446,457,564,455,678,337,439,414,310,421.12,279.436,447.88,164.564,357,511,306,422,337,319,491,301,573,322,633,315
019110644.jpg,780,669,775,543,782,415,740,415,728,548,740,683,761,415,766,236,764,220,753,130,715,267,756,295,789,236,742,236,673,295,656,255
048921625.jpg,457,456,462,373,464,284,516,293,524,393,524,465,490,289,494,153,484.1699,143.0295,433.8301,91.9705,353,219,403,196,449,153,539,152,568,221,550,292
062231536.jpg,771,357,774,330,776,297,791,297,796,327,804,358,784,297,783,253,783.9426,246.2131,787.0574,223.7869,767,290,763,276,770,252,795,253,805,272,812,287
073448704.jpg,933,809,892,641,885,489,909,480,844,629,990,735,897,485,892,239,879.9178,227.1395,795.0822,143.8605,873,465,913,343,889,246,894,232,976,345,947,460
005967386.jpg,1080,854,1049,665,1130,495,1022,495,985,752,1015,919,1076,495,1064,233,1064.1053,233.1053,945.8947,114.8947,1355,174,1263,211,1158,230,969,236,839,202,713,143
034609973.jpg,743,286,720,230,742,200,796,203,776,219,786,290,769,202,762,119,760.7561,115.5955,744.2439,70.4045,725,190,703,170,731,120,792,117,789,165,771,197
013588615.jpg,520,618,534,503,557,375,613,381,599,497,579,604,585,378,579,215,583.1787,189.9276,596.8213,108.0724,547,302,498,298,517,214,640,216,663,286,650,222
049194038.jpg,918,528,918,432,932,345,894,341,876,436,876,524,913,343,931,220,931.3842,199.6377,932.6158,134.3623,939,271,970,295,973,232,888,208,864,257,900,253
053402773.jpg,989,862,1052,692,1060,528,1103,538,1194,686,1242,846,1082,533,1109,330,1107.8052,301.3251,1104.1948,214.6749,1042,435,1070,398,1103,323,1115,337,1228,396,1210,295
013408277.jpg,717,326,778,272,868,252,892,249,767,286,734,325,880,251,854,157,846.9709,146.0977,812.0291,91.9023,842,245,865,205,836,160,872,154,918,171,913,214
095053282.jpg,494,795,533,668,619,592,567,590,598,724,641,832,593,591,573,416,571.4968,383.1442,567.5032,295.8558,643,584,649,508,617,413,529,418,483,491,492,441
097894736.jpg,338,412,369,339,395,254,442,255,471,339,500,413,419,255,428,160,427.6894,148.1963,426.3106,95.8037,373,37,378,94,396,155,459,165,506,207,478,251
032319407.jpg,503,589,493,507,483,434,517,435,550,511,579,583,500,435,507,335,505.4859,317.0469,501.5141,269.9531,454,236,469,281,478,325,535,345,567,383,535,412
058741516.jpg,953,474,974,390,983,322,947,323,977,372,1000,441,965,323,979,240,981.9841,235.5238,1012.0159,190.4762,989,288,1019,288,1007,240,950,240,930,280,954,288
000015774.jpg,607,272,603,396,632,437,685,441,690,373,646,272,659,439,677,365,674.5447,396.9195,687.4553,229.0805,468,489,489,417,584,365,770,365,830,435,853,512
012561270.jpg,1123,548,1139,440,1164,360,1097,362,1108,484,1102,599,1131,361,1136,210,1138.8382,189.0683,1149.1618,112.9317,1245,343,1235,282,1190,214,1081,206,1022,266,1035,246
096802217.jpg,280,713,439,629,261,475,352,475,297,658,186,826,307,475,339,188,346,141,367,13,225,412,136,309,270,177,408,198,441,350,451,278
069092057.jpg,480,932,477,747,472,554,549,554,578,732,593,898,511,554,499,302,515.2526,254.9758,557.7474,132.0242,549,472,432,451,429,309,569,294,703,331,696,242
085073068.jpg,355,395,333,269,405,274,386,281,262,342,262,451,396,278,372,158,362.4804,132.3553,332.5196,51.6447,332,253,364,222,402,147,341,169,296,263,279,286
071052917.jpg,557,568,609,467,596,309,654,317,670,445,672,562,625,313,611,145,614.4397,135.9521,653.5603,33.0479,635,264,566,239,582,141,640,149,640,206,679,264
003541897.jpg,462,366,463,310,465,277,490,271,485,310,485,369,478,274,470,204,468.5342,201.6181,447.4658,167.3819,463,220,438,229,453,208,487,199,485,223,462,220
052317801.jpg,1249,881,1223,895,1201,903,1274,925,1296,903,1310,892,1238,914,1205,839,1216.3756,863.6471,1151.6244,723.3529,1095,881,1103,830,1156,827,1254,850,1319,878,1291,925
075645109.jpg,262,522,270,387,195,254,166,230,219,378,214,503,181,242,318,193,348.7961,195.144,445.2039,201.856,310,375,283,344,335,232,301,153,298,222,327,312
050026451.jpg,377,483,413,447,356,428,348,424,399,434,372,477,352,426,363,359,367.139,350.1576,380.861,320.8424,409,373,393,369,374,356,351,362,386,383,408,400
084512085.jpg,561,423,544,313,564,193,632,204,622,339,626,451,598,199,604,22,612.7638,17.7155,550.2362,48.2845,550,120,560,94,561,18,646,26,665,102,628,158
018651101.jpg,606,423,591,337,505,359,599,332,675,316,717,393,552,346,533,218,536.5689,189.0028,545.4311,116.9972,502,304,456,293,494,216,572,220,630,277,614,292
006524045.jpg,661,526,666,498,657,462,640,462,645,502,643,542,649,462,650,412,651.9858,404.5534,660.0142,374.4466,659,470,655,446,659,415,640,409,645,430,661,446
070802378.jpg,646,622,705,477,729,346,819,370,826,503,800,644,774,358,893,200,908.0349,192.4825,995.9651,148.5175,822,234,742,185,851,157,935,242,909,343,909,439
048152235.jpg,650,412,646,373,650,331,667,331,666,374,675,415,659,331,658,279,657.9584,278.5219,656.0416,256.4781,621,238,629,258,648,276,667,282,648,256,637,240
086156428.jpg,411,618,403,448,421,343,497,337,482,429,529,580,459,340,448,236,447.8038,221.3838,446.1962,101.6162,350,403,368,327,388,238,507,234,522,317,542,395
045792899.jpg,270,371,279,321,267,286,321,288,316,327,309,371,294,287,300,261,289.6249,270.7266,326.3751,236.2734,248,356,251,311,262,254,337,267,346,311,350,363
045493507.jpg,355,702,365,565,315,445,290,444,323,548,328,702,303,445,348,303,365.3388,290.9308,432.6612,244.0692,548,336,476,328,351,299,344,306,343,357,360,415
013955460.jpg,637,466,636,403,639,335,678,334,686,405,683,463,659,335,657,251,657,232,658,190,621,345,617,303,627,253,686,249,703,294,687,306
072883415.jpg,359,590,304,485,327,407,383,400,447,442,464,598,355,404,323,268,325.2238,244.0516,333.7762,151.9484,306,355,234,359,270,277,376,259,418,335,381,376
049565392.jpg,1300,572,1298,476,1312,403,1350,405,1338,494,1373,574,1331,404,1334,281,1334.7362,254.4965,1336.2638,199.5035,1255,280,1275,322,1306,280,1362,282,1380,310,1359,273
098401815.jpg,1205,977,1171,754,1304,799,1179,802,1041,765,1103,997,1242,801,1240,560,1238.0292,524.2219,1228.9708,359.7781,1290,675,1346,703,1315,559,1165,561,1117,720,1160,692
093000672.jpg,968,246,969,235,969,215,981,218,980,231,979,247,975,216,981,205,978,201,980,178,967,213,968,206,971,201,987,205,985,217,987,221
013645112.jpg,457,456,461,417,457,349,421,349,428,408,434,474,439,349,442,267,441.1019,254.2472,437.8981,208.7528,486,349,480,304,471,265,412,269,405,317,400,356
031653773.jpg,318,563,351,471,326,330,392,325,450,430,460,553,359,328,420,225,440.5693,204.9817,511.4307,136.0183,405,422,367,335,395,234,444,216,460,279,507,362
081055333.jpg,673,427,623,355,717,289,695,300,616,366,640,432,706,295,657,211,651.7422,205.3315,598.2578,147.6685,611,297,653,272,673,192,640,230,640,282,606,315
090289500.jpg,1220,582,1218,541,1215,480,1256,476,1261,528,1261,575,1236,478,1234,372,1228.4242,382.7227,1252.5758,336.2773,1243,371,1235,408,1205,378,1263,365,1273,398,1261,370
086875743.jpg,270,684,286,538,275,428,317,429,323,532,309,670,296,429,346,292,347.7926,287.1882,382.2074,194.8118,341,428,259,384,304,298,387,285,400,363,458,365
058493612.jpg,499,521,503,438,514,326,565,329,579,442,589,551,540,328,546,181,543.5893,145.321,538.4107,68.679,471,326,488,245,492,178,600,183,617,263,608,343
073134510.jpg,381,982,383,783,333,578,436,585,369,763,306,898,385,582,392,372,396.6753,354.149,431.3247,221.851,210,571,263,509,328,379,456,364,472,468,482,561
089761401.jpg,596,1075,678,860,683,641,779,638,779,826,776,1009,731,640,716,325,731.279,284.8927,788.721,134.1073,419,585,522,448,646,308,786,342,800,496,816,612
043334203.jpg,774,541,777,428,763,291,804,291,806,416,782,517,784,291,788,178,794.0787,164.2877,824.9213,94.7123,819,214,766,253,763,176,812,179,843,234,844,184
043850125.jpg,676,522,645,423,649,302,692,299,673,407,701,516,671,301,654,166,660.8792,173.3826,606.1208,114.6174,560,73,564,132,620,169,687,163,727,141,673,91
017478499.jpg,531,577,550,484,531,378,464,368,465,498,473,596,498,373,488,225,479.4149,190.6597,459.5851,111.3403,531,339,585,288,542,214,433,235,414,327,420,359
087557637.jpg,291,549,285,525,267,471,325,461,344,503,357,533,296,466,293,331,294.7551,312.3687,304.2449,211.6313,197,445,205,410,235,333,351,328,376,399,386,418
006137293.jpg,766,373,756,193,865,86,907,92,799,274,828,429,886,89,659,125,641.2241,130.1646,528.7759,162.8354,646,346,706,237,667,127,650,123,750,226,702,328
040713699.jpg,1234,711,1186,564,1311,482,1378,533,1251,607,1289,735,1345,508,1447,347,1452.2692,311.3449,1471.7308,179.6551,1292,506,1350,441,1405,331,1489,362,1443,475,1323,542
023693332.jpg,255,329,269,270,280,184,326,181,367,246,369,329,303,183,294,86,300.2834,76.107,334.7166,21.893,299,113,271,151,262,92,326,79,341,128,356,118
064958094.jpg,717,668,734,562,816,511,869,514,944,598,943,650,843,513,844,379,840.8367,365.424,823.1633,289.576,856,392,786,407,810,386,877,371,943,424,912,450
005168172.jpg,342,438,362,383,351,303,402,307,393,378,380,436,377,305,375,223,373.3693,211.7484,366.6307,165.2516,398,251,355,258,346,223,403,222,414,267,446,280
089258378.jpg,1046,325,1044,282,1037,236,1061,234,1073,276,1090,325,1049,235,1048,179,1048,171.8218,1048,139.1782,1026,177,1023,201,1032,181,1064,177,1072,195,1045,175
039865929.jpg,1080,532,1067,455,1060,375,1144,365,1139,452,1133,599,1102,370,1087,248,1081.8924,205.7953,1073.1076,133.2047,1041,346,1035,314,1032,258,1141,238,1173,291,1133,327
088523888.jpg,1107,1071,1073,893,1051,679,1162,691,1186,901,1256,1067,1107,685,1082,473,1068.4918,439.0248,1029.5082,340.9752,1044,646,981,600,1001,487,1162,458,1222,605,1167,655
086797963.jpg,371,438,357,316,325,216,372,220,366,308,318,400,349,218,361,82,366.4405,72.0955,394.5595,20.9045,343,159,305,159,324,81,397,83,459,105,516,94
010557564.jpg,510,676,492,476,505,333,567,331,580,488,571,676,536,332,551,149,551.7747,117.0452,554.2253,15.9548,359,38,381,118,468,132,633,165,660,244,594,322
053662090.jpg,315,455,333,420,339,385,356,382,372,415,384,444,348,384,347,338,347.0494,336.4207,347.9506,307.5793,361,321,348,328,336,336,358,339,372,357,363,342
030732518.jpg,613,543,602,461,612,354,592,367,600,463,600,564,602,361,589,202,585.4703,182.6709,571.5297,106.3291,599,319,615,259,605,193,572,211,573,286,556,357
012784974.jpg,555,388,578,377,576,338,599,344,579,385,563,405,588,341,586,292,584.7571,287.7064,576.2429,258.2936,549,337,564,318,570,297,601,286,620,296,619,275
017532168.jpg,421,604,392,493,359,397,338,391,341,479,359,559,349,394,319,225,325.7712,199.5622,349.2288,111.4378,420,333,341,310,315,229,322,221,336,280,359,307
081011339.jpg,830,436,817,401,822,365,810,368,802,407,809,441,816,367,807,335,805,329,799,307,811,354,824,350,817,332,797,338,798,359,792,376
077122482.jpg,1440,743,1311,700,1194,627,1243,654,1336,716,1483,759,1219,641,1007,632,979.4956,628.6148,839.5044,611.3852,927,863,952,743,967,602,1047,661,1075,826,1093,949
073795312.jpg,740,607,769,484,795,370,848,375,856,484,840,598,822,373,833,215,835.4063,171.1525,839.5937,94.8475,744,275,763,294,776,208,890,221,898,294,944,341
052324708.jpg,782,782,802,644,809,471,859,443,861,592,868,733,834,457,786,232,790.7265,187.6116,804.2735,60.3884,841,387,732,362,757,236,814,228,864,320,918,337
078298465.jpg,281,413,234,341,159,357,194,346,259,330,306,391,177,352,180,258,178.5825,240.4583,173.4175,176.5417,178,373,152,329,151,265,209,251,220,300,235,339
090340776.jpg,1496,879,1438,754,1419,600,1380,583,1265,706,1323,848,1400,592,1378,399,1373.2113,381.7355,1344.7887,279.2645,1428,552,1472,494,1409,405,1347,393,1387,494,1342,571
009136174.jpg,937,696,834,569,942,484,983,484,896,578,997,720,963,484,847,344,838.513,328.0547,789.487,235.9453,807,463,862,420,821,326,872,362,923,444,894,533
000563131.jpg,403,562,392,442,395,338,431,338,429,439,434,577,413,338,405,163,403,139,400,60,480,150,424,205,370,169,440,157,431,192,453,198
064021920.jpg,414,292,420,217,443,162,516,149,512,223,523,295,480,156,432,120,439.4741,123.4256,376.5259,94.5744,406,199,403,179,398,137,465,103,487,148,472,173
089984801.jpg,602,607,621,495,633,355,709,361,716,503,713,615,671,358,681,160,686.5711,125.2879,701.4289,32.7121,577,199,606,259,620,156,742,164,744,271,783,225
093921849.jpg,1417,739,1328,701,1414,619,1457,622,1347,699,1436,771,1436,621,1353,568,1347.386,555.537,1308.614,469.463,1234,691,1270,650,1308,583,1397,552,1441,653,1385,718
057838692.jpg,973,799,848,612,939,634,1080,545,1196,484,1117,802,1010,590,943,354,938.8126,338.3998,896.1874,179.6002,680,606,780,508,848,398,1037,310,1202,392,1117,297
000973096.jpg,1153,908,1067,749,910,648,990,600,1122,593,1148,763,950,624,842,464,842.3319,431.6426,843.6681,301.3574,848,446,836,576,776,492,908,436,997,540,918,595
004032524.jpg,1008,549,826,423,967,408,1097,535,892,524,996,652,1032,472,1032,265,1012.8819,230.5042,913.1181,50.4958,814,386,948,330,967,237,1097,293,973,483,857,392
093415534.jpg,1566,816,1640,672,1508,566,1462,549,1527,610,1462,735,1485,558,1624,385,1624.9489,372.06,1634.0511,247.94,1722,420,1741,506,1657,395,1590,374,1616,434,1650,408
024997289.jpg,477,755,477,642,474,544,449,539,449,646,445,766,462,542,446,395,441.4791,371.2164,427.5209,297.7836,453,539,468,454,449,393,443,397,420,458,376,510
056513318.jpg,577,543,554,423,604,331,561,357,490,267,423,293,583,344,586,225,587.767,230.1403,562.233,155.8597,533,288,599,272,604,225,567,225,538,283,508,286
047822211.jpg,561,519,550,420,527,307,492,307,485,420,492,527,510,307,501,210,499.2517,190.6097,491.7483,107.3903,671,185,611,216,546,208,455,211,418,211,423,197
054122063.jpg,280,609,275,548,283,458,335,450,352,548,365,641,309,454,300,312,301.9882,285.5566,308.0118,205.4434,246,468,248,394,256,317,343,306,360,370,386,439
016874944.jpg,448,1081,489,865,383,641,285,631,391,857,412,1071,334,636,326,342,340.2417,278.0292,372.7583,131.9708,689,417,554,405,393,343,258,340,294,429,403,463
012952661.jpg,259,391,265,312,263,232,300,235,299,315,298,392,282,234,290,149,292.0096,119.6101,295.9904,61.3899,227,257,236,198,258,145,321,153,329,194,330,237
084271912.jpg,700,843,695,689,633,533,695,546,651,716,601,836,664,540,654,357,652.8029,331.8601,648.1971,235.1399,671,517,610,479,604,367,704,347,760,441,751,486
098052717.jpg,446,432,431,385,415,360,446,356,464,378,475,420,431,358,438,289,437.2612,275.1476,434.7388,227.8524,418,319,388,319,404,288,471,289,476,329,469,367
079639072.jpg,604,539,598,467,605,369,648,371,648,467,646,561,627,370,635,243,635.7443,213.7225,637.2557,154.2775,598,376,579,318,592,245,677,241,683,312,677,368
016169455.jpg,764,538,824,432,891,295,821,291,917,379,890,504,856,293,872,146,874.0384,115.65,878.9616,42.35,951,195,958,232,923,149,820,142,803,209,870,238
061785915.jpg,554,819,537,677,545,465,653,472,641,655,631,795,599,469,614,236,615.5694,194.8035,620.4306,67.1965,475,477,470,376,513,227,715,244,744,376,759,453
051144283.jpg,1013,408,993,338,987,252,939,254,938,358,934,439,963,253,966,142,963.805,120.4487,957.195,55.5513,993,187,1019,215,1009,148,923,136,910,200,930,207
037646337.jpg,852,392,873,302,878,230,976,230,969,301,965,381,927,230,969,184,969.3729,182.9654,999.6271,99.0346,936,256,905,253,929,176,1009,192,1008,240,1024,275
056481278.jpg,951,583,955,477,956,365,1006,367,1012,484,1001,580,981,366,969,234,973.0418,225.3525,1007.9582,150.6475,905,317,860,277,921,235,1017,232,1046,275,1027,323
026292425.jpg,1049,397,1045,351,1060,300,1080,300,1066,351,1096,395,1070,300,1073,239,1069.6172,226.5259,1060.3828,192.4741,1046,266,1056,264,1055,238,1091,240,1101,262,1076,262
065942325.jpg,998,966,989,790,955,650,1034,658,1010,778,929,792,995,654,989,436,991.0942,400.3983,996.9058,301.6017,921,545,883,530,924,448,1054,424,1114,535,1049,528
018449041.jpg,246,567,274,516,299,418,338,415,437,469,386,557,319,417,376,316,378.8421,302.0481,395.1579,221.9519,440,426,370,407,344,328,407,304,440,341,487,360
006986192.jpg,911,539,914,476,921,415,948,422,948,477,956,542,935,419,943,329,942.0754,325.8563,928.9246,281.1437,882,264,901,298,925,324,960,334,967,386,964,420
079253106.jpg,767,628,752,525,788,394,806,394,757,523,770,630,797,394,807,538,807.2326,537.081,786.7674,617.919,721,641,710,577,778,543,835,533,796,548,823,616
096237175.jpg,353,114,1042,1032,1038,896,997,896,969,1027,353,114,1018,896,1017,772,1017.447,740.0395,1018.553,660.9605,1064,821,1096,842,1073,772,961,772,954,836,991,817
062664368.jpg,924,504,945,438,947,405,906,398,917,466,924,541,927,402,940,286,945.6899,268.0548,960.3101,221.9452,991,389,974,349,974,289,906,282,884,333,875,357
014105092.jpg,388,644,382,539,359,439,420,442,407,539,391,631,390,441,391,337,396.9676,325.6996,432.0324,259.3004,412,286,352,303,354,335,427,339,441,393,439,348
028721257.jpg,749,532,757,493,767,436,797,435,799,488,803,532,782,436,783,348,782.81,335.0766,782.19,292.9234,741,423,742,388,755,346,810,349,823,387,826,421
058618235.jpg,735,323,673,330,664,275,679,266,623,332,604,449,672,271,654,176,654.1191,182.7899,652.8809,112.2101,631,255,586,230,613,173,695,179,732,203,735,263
082186006.jpg,496,409,487,324,503,257,529,253,519,316,519,422,516,255,472,173,463.6041,147.5655,446.3959,95.4345,450,286,467,217,459,178,485,168,488,221,466,288
018463246.jpg,776,450,736,276,797,397,874,376,925,479,828,426,836,387,838,213,840.0495,232.076,822.9505,72.924,696,405,663,315,740,187,935,238,912,378,883,445
046857980.jpg,194,699,190,609,180,524,151,528,169,595,144,674,166,526,157,404,164.1518,373.547,180.8482,302.453,241,483,183,479,181,411,133,396,127,445,160,456
017252388.jpg,200,472,198,355,186,253,232,249,235,337,213,464,209,251,194,117,209,99,271,27,223,256,160,213,150,109,238,125,293,180,346,145
000065339.jpg,664,411,600,527,691,387,774,387,798,563,802,409,733,387,726,195,725.6519,186.4144,720.3481,55.5856,644,448,642,337,642,191,810,199,759,355,681,454
019706353.jpg,1219,718,1083,859,871,795,899,851,1224,902,1053,693,885,823,596,830,573.6981,819.1014,397.3019,732.8986,557,879,527,846,557,836,634,823,644,971,565,892
090756647.jpg,1437,624,1381,547,1319,455,1395,428,1452,533,1499,620,1357,442,1331,311,1331.574,321.475,1326.426,227.525,1225,402,1232,374,1268,318,1393,304,1442,332,1496,358
053984352.jpg,505,629,497,563,488,503,523,503,552,565,567,629,506,503,504,409,504.4422,404.704,510.5578,345.296,483,381,474,403,476,405,532,412,557,409,537,379
009761004.jpg,613,766,583,658,539,578,560,576,560,665,524,756,550,577,541,449,535.6064,417.8111,523.3936,347.1889,520,580,513,520,511,453,571,444,600,491,609,569
083132407.jpg,925,479,816,475,886,415,952,421,898,553,1027,566,919,418,826,272,786.9716,263.0894,646.0284,230.9106,625,427,721,384,818,247,834,297,803,435,694,454
091019612.jpg,756,836,773,687,802,527,701,518,732,718,782,904,752,523,767,315,768.6611,266.1167,772.3389,157.8833,876,551,872,441,854,328,679,301,644,420,604,527
064601029.jpg,231,550,214,411,259,467,320,463,316,409,329,537,290,465,284,323,284.311,301.6967,285.689,207.3033,170,417,188,376,218,324,350,322,346,378,324,439
091682329.jpg,547,553,555,447,574,339,622,341,614,442,597,553,598,340,613,196,614.7504,179.0797,623.2496,96.9203,507,261,537,253,565,187,661,205,674,269,728,283
058008883.jpg,873,554,843,464,846,357,814,362,786,473,809,594,830,360,795,213,792.6432,196.1882,782.3568,122.8118,685,179,730,190,795,206,795,220,717,195,671,184
074962575.jpg,106,416,133,366,142,309,119,308,132,357,147,418,131,309,126,232,127.6059,222.3647,134.3941,181.6353,182,297,164,274,150,231,101,232,94,269,100,259
088260562.jpg,54,898,56,578,71,646,167,629,410,622,232,751,119,638,214,393,210.7312,346.6922,193.2688,99.3078,323,855,208,677,102,441,326,345,369,571,460,533
059315600.jpg,756,428,735,381,709,426,697,417,720,380,747,430,703,422,634,424,631.0602,424,601.9398,424,629,434,644,442,635,428,632,419,629,414,624,419
079801552.jpg,652,435,570,293,671,113,669,158,801,410,915,555,670,136,423,153,407.922,148.0847,211.078,83.9153,381,350,413,247,444,117,402,189,348,307,301,423
069532941.jpg,663,383,701,286,614,255,617,263,675,352,624,433,616,259,677,175,674.9577,175.7321,732.0423,155.2679,529,225,583,189,649,171,704,179,745,207,780,199
028350719.jpg,1198,946,1179,788,1171,610,1246,605,1248,792,1282,958,1209,608,1186,364,1160.0046,318.5645,1096.9954,208.4355,1022,598,1080,499,1114,371,1258,357,1313,475,1246,552
083391660.jpg,933,581,936,484,960,408,1011,416,1006,505,1022,604,986,412,983,297,980.2965,284.0831,967.7035,223.9169,876,231,909,273,957,294,1009,299,981,329,922,296
068319785.jpg,1117,494,1117,448,1121,409,1144,407,1161,449,1172,490,1133,408,1124,347,1120.3714,336.9681,1110.6286,310.0319,1105,408,1108,382,1106,351,1141,343,1153,369,1125,370
010253454.jpg,1134,633,1142,538,1137,452,1174,448,1204,533,1196,622,1156,450,1155,347,1156.2352,336.5692,1162.7648,281.4308,1142,445,1106,420,1122,347,1188,346,1204,412,1238,424
064958094.jpg,304,533,303,476,306,423,326,419,321,477,317,524,316,421,313,332,313.7265,323.5732,317.2735,282.4268,278,403,278,369,293,326,333,337,333,383,328,402
093352431.jpg,1388,624,1400,561,1393,490,1373,486,1405,564,1405,626,1383,488,1411,419,1413.1883,416.3475,1441.8117,381.6525,1444,460,1424,460,1420,421,1402,417,1414,457,1420,489
067115747.jpg,972,725,927,536,1066,423,1140,457,1019,604,1121,754,1103,440,1140,208,1135.532,159.0755,1124.468,37.9245,1184,447,1142,326,1095,213,1184,203,1224,365,1203,457
088013135.jpg,1246,699,1191,618,1170,524,1126,533,1106,612,1170,700,1148,529,1101,410,1099.2536,407.0893,1063.7464,347.9107,1093,533,1124,487,1109,410,1093,410,1138,440,1146,509
003774732.jpg,341,363,337,284,366,290,397,294,369,282,365,368,382,292,428,203,425.5143,178.8885,420.4857,130.1115,352,224,358,248,393,203,462,203,456,247,421,259
098956328.jpg,227,464,214,430,179,410,172,410,177,438,141,473,176,410,166,365,164.3704,359.894,152.6296,323.106,212,390,182,401,166,373,166,357,181,374,197,367
022983900.jpg,918,604,939,444,1017,468,963,486,827,549,841,707,990,477,934,308,923.4289,293.6638,871.5711,223.3362,896,359,953,359,969,292,898,323,852,404,763,414
007317510.jpg,1692,679,1698,559,1704,457,1774,449,1792,571,1814,699,1739,453,1749,296,1751.2731,259.6303,1756.7269,172.3697,1708,435,1678,387,1688,299,1810,293,1804,383,1756,439
027618381.jpg,1130,628,927,611,758,578,743,617,956,640,1153,667,751,598,614,377,629.1073,327.7542,675.8927,175.2458,644,644,632,512,607,365,621,388,632,549,640,681
023369004.jpg,525,444,540,382,538,321,523,314,521,374,517,433,531,318,526,228,527.6327,221.9357,538.3673,182.0643,576,240,542,264,533,230,519,225,529,203,549,193
082147125.jpg,1448,879,1441,724,1432,581,1513,576,1502,726,1488,874,1473,579,1467,403,1468.045,369.977,1470.955,278.023,1432,481,1395,513,1402,408,1532,397,1559,506,1559,494
016178859.jpg,486,731,490,664,519,609,562,600,529,650,548,690,541,605,498,565,507.4626,578.7207,468.5374,522.2793,447,635,464,607,474,559,521,571,531,640,514,664
072455791.jpg,507,317,491,265,476,207,451,210,439,265,427,321,464,209,455,143,453.2361,134.3571,446.7639,102.6429,496,207,482,179,477,145,433,140,402,130,374,112
074236994.jpg,403,505,339,474,330,447,379,429,424,456,359,484,355,438,329,365,331.5979,381.2367,318.4021,298.7633,322,389,315,444,286,378,371,351,391,410,391,463
097923817.jpg,890,501,916,432,898,368,849,366,849,433,853,526,874,367,867,243,867.2388,215.2961,867.7612,154.7039,866,317,902,289,911,240,823,246,808,313,817,344
056179785.jpg,677,612,688,458,658,349,722,346,770,436,764,561,690,348,738,210,742.6817,183.6435,760.3183,84.3565,714,355,666,298,682,211,794,208,801,285,817,327
094592464.jpg,204,382,212,297,235,214,305,215,329,294,356,384,270,215,255,76,254.852,63.5682,254.148,4.4318,129,139,186,140,215,82,294,70,346,124,389,142
039759187.jpg,145,647,155,530,147,355,225,357,229,517,225,631,186,356,192,188,205.4401,147.6798,232.5599,66.3202,189,341,112,291,144,184,240,192,242,258,299,288
087212391.jpg,524,317,508,295,522,198,608,180,605,313,586,478,565,189,494,137,491.2776,138.4779,391.7224,192.5221,389,221,389,158,427,116,560,157,613,281,522,306
065423578.jpg,245,344,188,398,236,336,299,353,301,426,324,348,268,345,332,193,318.8118,202.7342,387.1882,152.2658,217,320,208,239,277,175,386,211,383,262,388,298
033349917.jpg,310,465,304,345,302,245,349,245,360,341,373,463,326,245,334,131,331.976,117.1432,323.024,55.8568,281,203,273,182,294,128,373,133,390,197,360,215
090508812.jpg,624,235,590,254,541,195,572,172,523,230,546,300,557,184,522,110,524.7236,119.0219,503.2764,47.9781,437,141,433,117,492,114,552,105,602,106,578,131
019494277.jpg,383,594,360,488,344,372,387,360,417,479,480,576,366,366,359,240,349.9479,210.8322,332.0521,153.1678,219,260,281,263,339,247,378,232,415,278,377,338
068160659.jpg,276,660,292,468,323,264,276,241,290,435,284,603,300,253,433,97,435.8983,94.4134,523.1017,16.5866,522,235,481,228,479,123,386,71,386,150,423,201
059927752.jpg,801,592,817,526,836,469,793,461,781,573,766,681,815,465,850,324,856.5153,289.252,867.4847,230.748,844,363,884,389,900,333,800,314,765,373,796,352
025734199.jpg,1061,710,1140,575,1093,485,1127,487,1154,567,1152,694,1110,486,1103,330,1104.0493,310.8133,1108.9507,221.1867,1072,379,1076,360,1074,332,1131,328,1161,362,1209,366
014588925.jpg,487,655,498,553,488,424,500,405,521,537,505,652,494,415,486,267,495,248,537,166,488,378,422,322,467,260,505,273,473,329,518,368
040076306.jpg,163,299,161,244,158,187,170,186,171,243,170,289,164,187,145,107,145.4344,105.1835,155.5656,62.8165,177,147,148,158,135,106,154,107,166,132,174,159
076265256.jpg,511,716,515,569,440,475,513,484,513,616,509,734,477,480,476,286,479.4158,261.5498,491.5842,174.4502,335,440,353,363,416,289,536,283,596,368,656,382
072396787.jpg,524,602,524,485,533,371,490,378,471,487,472,602,512,375,467,250,456.9154,240.8442,401.0846,190.1558,463,355,508,320,490,248,444,251,479,298,490,365
042111890.jpg,1820,535,1776,473,1728,418,1706,431,1672,504,1682,574,1717,425,1668,322,1662.9783,309.2783,1643.0217,258.7217,1623,350,1644,342,1660,324,1675,320,1676,350,1657,372
021563976.jpg,1009,578,1161,586,999,541,1099,524,1238,588,1174,541,1049,533,1069,390,1074.9439,345.6495,1089.0561,240.3505,1081,505,1001,503,1006,405,1132,375,1128,472,1174,466
096311466.jpg,240,416,223,348,258,293,308,290,325,339,333,427,283,292,277,203,274.7738,189.1288,266.2262,135.8712,212,272,227,245,240,206,313,199,333,245,316,293
009136174.jpg,1139,704,1036,584,1062,490,1083,483,975,614,1052,727,1073,487,1011,348,998.9912,323.475,952.0088,227.525,923,417,980,433,994,351,1027,344,1001,436,923,417
076050200.jpg,934,673,954,570,961,462,1016,464,1005,563,998,666,989,463,975,324,975.645,300.2956,978.355,200.7044,1014,441,945,407,924,329,1025,318,1041,386,1021,448
024120146.jpg,343,373,343,343,355,337,376,333,377,347,375,375,366,335,365,293,365.075,289.1772,365.925,245.8228,335,343,339,315,342,291,388,295,414,328,419,359
081703978.jpg,178,479,183,427,174,393,158,391,167,427,160,471,166,392,167,339,172.1067,323.68,182.8933,291.32,198,402,188,379,179,340,155,337,155,370,173,386
037344459.jpg,784,476,796,427,803,386,777,383,760,412,772,427,790,385,795,329,798.8227,313.4362,805.1773,287.5638,827,392,821,359,818,334,772,324,767,356,780,370
051903228.jpg,474,651,449,517,450,371,524,326,485,495,533,643,487,349,455,174,443.7157,135.223,411.2843,23.777,351,349,358,290,378,181,532,167,587,232,586,279
092088616.jpg,1369,399,1329,351,1353,306,1338,302,1306,349,1324,404,1346,304,1305,243,1298,226,1284,192,1285,317,1308,289,1307,244,1302,241,1318,274,1316,311
042418506.jpg,593,752,590,609,588,492,521,499,538,596,565,700,555,496,522,300,521.7817,269.8731,521.2183,192.1269,662,465,632,388,584,292,459,308,446,409,429,499
069124666.jpg,807,485,810,404,810,360,776,359,775,407,775,489,793,360,791,270,790.7893,251.8788,790.2107,202.1212,846,359,832,322,822,268,760,272,757,327,760,363
023131980.jpg,381,419,410,335,441,260,494,266,499,348,485,416,468,263,476,161,477.5763,145.5869,483.4237,88.4131,456,158,424,197,435,162,516,160,562,185,589,140
078078785.jpg,1535,524,1522,460,1554,395,1532,405,1546,474,1603,506,1543,400,1515,343,1508,330,1482,282,1537,397,1552,368,1532,340,1497,346,1505,379,1484,394
055372823.jpg,1030,747,1051,566,1089,446,1164,449,1182,568,1179,738,1127,448,1126,263,1114.4417,222.3319,1083.5583,113.6681,815,331,926,306,1008,256,1243,270,1265,365,1254,437
023877501.jpg,894,381,888,323,935,290,964,292,986,326,1019,387,950,291,961,231,961.3697,226.0087,964.6303,181.9913,867,243,910,236,937,226,984,236,1007,264,1018,288
074014939.jpg,1601,720,1311,782,1055,757,1052,842,1348,851,1643,782,1054,800,612,821,569.5252,817.6686,399.4748,804.3314,933,771,797,763,638,785,586,856,757,919,927,907
017715352.jpg,770,669,749,617,720,555,736,562,731,610,718,667,728,559,743,503,746.3792,495.5659,759.6208,466.4341,698,556,705,524,733,495,753,511,762,555,775,581
032900573.jpg,1228,572,1188,479,1256,403,1238,408,1179,484,1172,591,1247,406,1212,305,1209.3287,299.5765,1181.6713,243.4235,1137,370,1174,341,1190,309,1233,301,1260,349,1232,400
016952016.jpg,1811,607,1816,508,1817,426,1863,432,1849,522,1843,601,1840,429,1851,271,1851.2538,238.5078,1851.7462,175.4922,1844,401,1794,345,1811,268,1890,274,1898,347,1879,401
038644837.jpg,716,647,727,555,742,469,777,482,766,577,751,676,760,476,771,357,764.7905,340.5891,735.2095,262.4109,665,384,717,397,753,348,789,365,794,443,727,470
021572349.jpg,1503,733,1539,663,1587,606,1623,621,1623,670,1585,722,1605,614,1653,544,1654.3646,539.3213,1672.6354,476.6787,1587,596,1589,554,1625,528,1680,560,1695,585,1709,623
092701211.jpg,991,496,986,446,980,393,953,396,947,436,942,489,967,395,970,307,968.1662,300.238,955.8338,254.762,991,340,1011,343,994,307,946,306,935,342,919,375
071683721.jpg,822,617,808,476,789,327,848,330,833,447,805,588,819,329,820,148,817.1993,121.3,807.8007,31.7,856,234,792,250,763,153,877,142,893,234,817,254
082928680.jpg,630,439,641,399,645,365,674,359,661,403,657,439,660,362,649,318,649.7551,309.8825,652.2449,283.1175,634,354,634,339,633,319,665,317,672,337,669,357
092837255.jpg,353,285,359,232,355,152,388,154,391,226,380,261,372,153,375,91,377.2633,77.4204,382.7367,44.5796,361,124,337,126,351,90,398,92,411,121,409,137
037530784.jpg,992,544,963,407,940,276,881,284,889,415,899,548,911,280,900,117,897.6287,89.4062,891.3713,16.5938,925,207,985,196,957,114,842,119,811,204,877,206
025050142.jpg,807,535,807,467,810,351,855,357,845,467,831,529,833,354,849,216,848.6797,214.719,832.3203,149.281,810,166,755,184,801,209,896,222,944,219,882,173
072847095.jpg,954,682,954,522,954,375,1037,370,1037,516,1025,680,996,373,1006,96,1010.8071,116.1296,985.1929,8.8704,890,346,884,240,911,96,1100,96,1135,223,1116,339
041305435.jpg,922,541,891,437,898,317,843,317,806,439,811,565,871,317,872,175,869.5295,158.4332,857.4705,77.5668,906,282,946,256,928,182,816,168,805,248,789,282
036645665.jpg,639,596,659,469,685,328,734,320,725,471,719,594,710,324,709,175,712.5025,159.104,731.4975,72.896,650,352,637,258,670,185,747,164,763,254,811,322
054500842.jpg,493,554,475,496,488,446,449,450,426,522,416,594,469,448,454,338,451.9205,328.048,442.0795,280.952,508,399,517,379,488,336,420,339,417,386,457,384
022649578.jpg,277,388,264,294,264,204,315,203,301,296,310,388,290,204,286,114,285.8198,98.6805,285.1802,44.3195,245,197,253,163,257,120,315,108,336,153,339,194
